improve_diplomatical_education;Seek a Tutor;Chercher un tuteur.;Einen Lehrer suchen;;Buscar a un tutor.;;;;;;;;;x
improve_diplomatical_education_desc;Your inadequate education in the art of etiquette and decorum could be remedied if you could find someone willing to teach you.;Vous pourriez remédier à votre gaucherie dans l'art de l'étiquette et de la bienséance si vous pouviez trouver quelqu'un prêt à vous les enseigner.;Eurer unzureichenden Bildung in der Kunst der Hofsitte und Schicklichkeit könnte abgeholfen werden, wenn Ihr jemanden finden könntet, der bereit wäre, Euch auszubilden.;;Tu falta de educación en el arte de la etiqueta y el decoro podría remediarse si se pudiera encontrar a alguien dispuesto a enseñarte..;;;;;;;;;x
diplomatical_ed_improve_tooltip;My chancellor has volunteered to take me under his tutelage.;Mon chancelier s'est porté volontaire pour me prendre sous sa tutelle.;Mein Kanzler hat zugestimmt, mich zu unterrichten.;;Mi canciller se ha ofrecido a llevarme bajo su tutela.;;;;;;;;;x
improve_intrigue_education;Seek a Tutor;Chercher un tuteur.;Einen Lehrer suchen;;Buscar un tutor.;;;;;;;;;x
improve_intrigue_education_desc;Your obliviousness to the threats to your life could be remedied if you could find someone willing to teach you.;Vous connaissez mal les menaces qui pèsent sur votre vie et il serait judicieux de trouver quelqu'un qui pourrait vous enseigner l'art de l'intrigue.;Eurer Vergesslichkeit hinsichtlich der Gefahren des Lebens könnte abgeholfen werden, wenn Ihr jemanden finden könntet, der bereit wäre, Euch auszubilden.;;Tu falta de atención a las amenazas a tu vida podría remediarse si se pudiera encontrar a alguien dispuesto a enseñarte.;;;;;;;;;x
intrigue_ed_improve_tooltip;My spymaster has volunteered to take me under his tutelage.;Mon maître espion s'est proposé pour me prendre sous sa tutelle.;Mein Hofspitzel hat zugestimmt, mich zu unterrichten.;;Mi jefe de espías se ha ofrecido a llevarme bajo su tutela.;;;;;;;;;x
improve_stewardship_education;Seek a Tutor;Chercher un tuteur.;Einen Lehrer suchen;;Buscar un tutor.;;;;;;;;;x
improve_stewardship_education_desc;Your inadequate administrative education could be remedied if you could find someone willing to teach you.;Vos lacunes dans le domaine administratif pourraient être comblées si vous trouvez quelqu'un prêt à vous enseigner.;Eurer unzureichenden verwaltungstechnischen Bildung könnte abgeholfen werden, wenn Ihr jemanden finden könntet, der bereit wäre, Euch auszubilden.;;Tu educación administrativa inadecuada podría remediarse si se pudiera encontrar a alguien dispuesto a enseñarte.;;;;;;;;;x
stewardship_ed_improve_tooltip;My steward has volunteered to take me under his tutelage.;Mon intendant s'est porté volontaire pour me prendre sous sa tutelle.;Mein Kämmerer hat zugestimmt, mich zu unterrichten.;;Mi mayordomo se ha ofrecido a llevarme bajo su tutela.;;;;;;;;;x
title_court_master_librarian;Master Librarian;Maître de la Librairie;Bibliothekar;;Bibliotecario Maestro.;;;;;;;;;x
title_court_master_gardener;Master Gardener;Maître Jardinier;Gärtnermeister;;Jardinero Maestro.;;;;;;;;;x
title_court_master_librarian_desc;The Master Librarian is the curator and caretaker of the castle's vast collection of scrolls and tomes. §YAllows the player to nominate a courtier with the Scholar trait to serve as the Master Librarian.§! ;Le Maître de la Librairie est le conservateur et le gardien de la vaste collection de rouleaux et de tomes du château. §YPermet au joueur de nommer un courtisan avec le trait Érudit pour servir en tant que Maître de la Librarie.§!;Der Bibliothekar ist der Wärter und Verwalter der gewaltigen Sammlung von Schriftrollen und Foliantes der Burg.  §YErlaubt es dem Spieler, einen Höfling mit der Eigenschaft Gelehrter zum Bibliothekar zu ernennen.§! ;;El Bibliotecario Maestro es el curador y cuidador de la vasta colección de pergaminos y tomos del castillo. §YPermite designar a un cortesano con el rasgo erudito para servir como el Bibliotecario Maestro.§!;;;;;;;;;x
title_court_master_gardener_desc;The Master Gardener is the caretaker of the castle gardens. It is rumored that he can make plants sprout just by touching them. §YAllows the player to nominate a courtier with the Gardener trait to serve as the Master Gardener.§!;Le Maître Jardinier est le gardien des jardins du châteaux. On dit qu'il peut faire pousser les plantes rien qu'en les touchant. §YPermet au joueur de nommer un courtisan avec le trait de Jardinier pour servir en tant que Maître Jardinier.§!;Der Gärtnermeister ist der Verwalter des Burggartens. Es wird gemunkelt, dass er die Pflanzen nur berühren muss, damit sie emporsprießen. §YErlaubt es dem Spieler, einen Höfling mit der Eigenschaft Gärtner zum Gärtnermeister zu ernennen.§! ;;El Jardinero Maestro es el cuidador de los jardines del castillo. Se rumorea que él puede hacer que las plantas broten con sólo tocarlas. §YTe permite designar a un cortesano con el rasgo Jardinero para servir como el Jardinero Maestro.§!;;;;;;;;;x
EVTDESCEDUIMP2;Starting with the most basic protocols of holding court, [From.GetFirstName] begins to mentor you through the many complexities of how to carry oneself as a [Root.GetTitle]. Your head is spinning, but [From.GetFirstName] is relentless and does not allow you to rest. ;En débutant par les protocoles les plus élémentaires du savoir-vivre de la cour, [From.GetFirstName] commence à vous guider parmi les nombreuses complexités de la façon de se tenir en tant que [Root.GetTitle]. La tête vous tourne, mais [From.GetFirstName] est implacable et ne vous permet aucune pause.;Beginnend, mit den grundlegendsten Lektionen darüber, wie man einen Hof führt, begleitet Euch [From.GetFirstName] durch die verschiedensten Bereiche, um Euch als [Root.GetTitle] darzubieten. Euch brummt der Schädel, aber [From.GetFirstName] ist unerbittlich, und erlaubt Euch keine Rast.;;A partir de los protocolos más básicos de la celebración de la corte, [From.GetFirstName] comienza a guiarte a través de las muchas complejidades de cómo conducirse a uno mismo como un [Root.GetTitle]. Tu cabeza da vueltas, pero [From.GetFirstName] es implacable y no te permite descansar.;;;;;;;;;x
eduimp2opt;In what have I wronged thee that thou tormentest me so? ;Quelle faute ai-je commise à votre égard pour que vous me harceliez ainsi ?;Womit habe ich diese Schikane nur verdient?;;¿En qué te he ofendido para que tú me atormentes así?.;;;;;;;;;x
EVTDESCEDUIMP4;After months of gentle but firm counsel by [From.GetFirstName], you are now no longer a laughingstock amongst your peers and subjects. Your skill at presenting yourself has increased considerably and you can now command attention with your presence and words. ;Après des mois de nobles mais fermes conseils dispensé par [From.GetFirstName], vous n'êtes maintenant plus la risée que vous étiez parmi vos pairs et vos sujets. Votre habileté à vous présenter s'est considérablement accrue et vous retenez désormais l'attention par votre présence et vos paroles.;Nach Monaten der freundlichen aber bestimmten Beratung von [From.GetFirstName], seid Ihr nun nicht mehr das Gespött unter den hohen Adeligen und Euren Untertanen. Eure Fähigkeiten Euch darzubieten, hat sich erheblich verbessert und Ihr könnt nun durch Eure Worte die Aufmerksamkeit beherrschen.;;Después de meses de consejos suaves pero firmes dados por [From.GetFirstName], ahora ya no eres un hazmerreír entre tus corte y los extranjeros. Tu habilidad en la presentación de tí mismo ha aumentado considerablemente y ahora puedes llamar la atención con tus palabras y presencia.;;;;;;;;;x
eduimp4opt;Hear ye my words! ;Entendez donc mes paroles !;Höret meine Worte!;;¡Oíd mis palabras!.;;;;;;;;;x
EVTDESCEDUIMP5;Due to recent events, your tutor can no longer continue teaching you the ways of an effective diplomat. Although you have learned much, there is much more that you cannot understand without further guidance. Your studies have been terminated for the time being.;Au vu des récents événements, votre tuteur ne peut plus continuer à vous enseigner les astuces pour devenir un diplomate efficace. Bien que vous ayez beaucoup appris, il y a bien plus encore que vous ne pouvez comprendre sans autres conseils. Vos études ont pris fin pour le moment.;Aus aktuellem Anlass kann Euer Lehrer Euch nicht mehr weiter in den Wegen der wirkungsvollen Diplomatie unterrichten. Obwohl Ihr einiges gelernt habt, gibt es doch viel mehr, dass Ihr nicht ohne weitere Anleitung zu verstehen vermögt. Eure Studien sind vorerst beendet.;;Debido a los recientes acontecimientos, tu tutor ya no puede seguirte enseñando los caminos de un diplomático eficaz. A pesar de que has aprendido mucho, hay mucho más que no se puede entender sin orientación. Tus estudios han terminado por el momento.;;;;;;;;;x
eduimp5opt;Unfortunate. ;C'est regrettable...;Beklagenswert …;;Lamentable.;;;;;;;;;x
EVTDESCEDUIMP7;[From.GetFirstName] has never been a particularly pleasant character, but [From.GetHerHis] explanation of human behaviors and nature opens your eyes to the lies and deceit circling about you at court. Furthermore, you begin to learn about the deadliest poisons and surefire ways to cover up a murder or an accident... all to protect yourself, of course.;[From.GetFirstName] n'a jamais semblé posséder un caractère plaisant, mais ses explications sur les comportements humains et leur nature révèlent les mensonges et tromperies circulant au sein de la cour. De plus, vous commencez à en apprendre davantage sur les poisons les plus mortels et les moyens infaillibles pour se prémunir des conséquences d'un assassinat ou accident... dans le but de vous protéger, bien évidemment.;[From.GetFirstName] hatte zwar nie eine besonders angenehme Persönlichkeit, aber [From.GetHerHis]e Erläuterungen des menschlichen Wesens und Verhaltens, öffnen Euch die Augen für die Lügen und Täuschungen, die auf dem Hofe kursieren. Darüber hinaus beginnt Ihr, mehr über die tödlichsten Gifte zu erfahren und lernt todsichere Möglichkeiten, einen Mord oder einen Unfall zu vertuschen ... alles um Euch selbst zu schützen, versteht sich.;;[From.GetFirstName] nunca ha sido un personaje particularmente agradable, pero la explicación de [From.GetHerHis] acerca de los comportamientos humanos y la naturaleza te abre los ojos a las mentiras y engaños que circundan tu corte. Además, comienzas a aprender acerca de los venenos más mortales y las maneras de éxito seguro para encubrir un asesinato o un accidente ... todo para protegerse, por supuesto..;;;;;;;;;x
eduimp7opt;No one will ever be able to hurt me! ;Personne ne pourra jamais plus me faire du mal !;Niemand wird je in der Lage sein, mir etwas zuleide zu tun.;;¡Nadie va a ser capaz de hacerme daño!.;;;;;;;;;x
EVTDESCEDUIMP9;After months of firm counsel and guidance from [From.GetFirstName], you see through the lies of your courtiers and vassals with ease. You have an ear on all the latest gossip and people do not even blink without your knowing of it. ;Après des mois de fermes conseils dispensé par [From.GetFirstName], vous voyez au travers des mensonges de vous courtisans et de vos vassaux aisément. Votre oreille est à l'affût des toutes dernières rumeurs et personne ne se doute de ce que vous savez.;Nach Monaten der Beratung und Anleitung von [From.GetFirstName], durchschaut Ihr die Lügen der Höflinge und Vasallen mit Leichtigkeit. Ihr habt immer ein offenes Ohr für das neueste Gemunkel und die Leute können nicht einmal blinzeln, ohne dass Ihr davon erfahrt.;;Después de meses de firme consejo y guía por parte de [From.GetFirstName], ves através de las mentiras de tus cortesanos y vasallos con mayor facilidad. Tienes un oído en todos los últimos chismes y la gente ni siquiera puede parpadear sin que tu sepas de ello.;;;;;;;;;x
eduimp9opt;No secret whispered will ever escape me! ;Aucun secret ni murmure ne m'échappera !;Kein Geheimnis wird mir jemals entgehen.;;¡Ningún secreto ni susurró se me escapara!.;;;;;;;;;x
EVTDESCEDUIMP10;Due to recent events, your tutor can no longer continue guiding you in the ways of the shadows. Although you have learned much, there is much more that you cannot understand without further guidance. Your studies have been terminated for the time being.;Au vu des récents événements, votre tuteur ne peut plus continuer à vous guider sur le chemin des ombres. Bien que vous ayez beaucoup appris, il y a bien plus encore que vous ne pouvez comprendre sans autres conseils. Vos études ont pris fin pour le moment.;Aus aktuellem Anlass kann Euer Lehrer Euch nicht mehr weiter auf den Pfaden der Schatten anleiten. Obwohl Ihr einiges gelernt habt, gibt es doch viel mehr, dass Ihr nicht ohne weitere Anleitung zu verstehen vermögt. Eure Studien sind vorerst beendet.;;Debido a los recientes acontecimientos, tu tutor ya no puede seguirte guiando en el camino de las sombras. A pesar de que has aprendido mucho, hay mucho más que no se puede entender sin mayor orientación. Tus estudios se han terminado por el momento.;;;;;;;;;x
eduimp10opt;I will one day no longer fear the dark. ;Un jour, je ne craindrai plus l'obscurité.;Eines Tages werde ich die Dunkelheit nicht mehr fürchten.;;¡Algun día no voy más a temer a la oscuridad!.;;;;;;;;;x
EVTDESCEDUIMP12;The first order of business is to send men throughout your demesne to compile a full account of everything you own in your estates. It is almost staggering to comprehend that you have that much to begin with, but [From.GetFirstName] insists that you account for every acre of land you own. ;Le premier ordre du jour est d'envoyer vos hommes aux quatres coins de votre domaine pour compiler et référencer la totalité de vos possessions. Il est difficile d'appréhender que vous possèdiez autant au début, mais [From.GetFirstName] insiste pour consigner chaque acre de terre en votre possession.;Eure erste Aufgabe ist es, Männer in alle Bereiche Eures Reiches zu entsenden, um einen vollständigen Bericht über all Eure Besitztümer zusammenzustellen. Es ist eine niederschmetternd große Aufgabe für den Anfang, aber [From.GetFirstName] besteht darauf, dass Ihr jeden einzelnen Hektar Land, den Ihr Euer Eigen nennt, erfasst.;;La primera orden del día es el envío de los hombres a lo largo de tu heredad para compilar un informe completo de todo lo que posees en tus fincas. Es casi asombroso comprender que tienes mucho para empezar, pero [From.GetFirstName] insiste en que tu lleves la cuenta de cada acre de tierra de tu propiedad.;;;;;;;;;x
eduimp12opt;So that's where all the taxes were hiding... ;Oh, c'est donc de là que viennent les taxes...;Ach, daher kommen also all diese Steuern …;;Así que ahí es donde todos los impuestos se escondían ...;;;;;;;;;x
EVTDESCEDUIMP14;After months of firm counsel and guidance from [From.GetFirstName], you have gained the knowledge necessary to manage the realm more efficiently. This means that the quality of life and happiness of your people has improved, but the only thing that really matters is that tax revenues have increased significantly. ;Après des mois de nobles mais fermes conseils dispensé par [From.GetFirstName], vous avez acquis les connaissances nécessaires pour gérer votre domaine plus efficacement. Cela signifie que la qualité de vie et le bonheur de vos sujets s'est améliorée, mais la seule chose qui importe vraiment, c'est l'augmentation significative des recettes fiscales.;Nach Monaten der Beratung und Anleitung von [From.GetFirstName], habt Ihr Euch das Wissen angeeignet, um Euer Reich noch wirkungsvoller zu verwalten. Das bedeutet, dass sich die Zufriedenheit Eurers Volkes verbessert und sich Eure Steuereinnahmen erheblich erhöht haben. Was könnte wichtiger sein?;;Después de meses de consejo y de firme orientación de [From.GetFirstName],has adquirido los conocimientos necesarios para administrar el reino de manera más eficiente. Esto significa que la calidad de vida y la felicidad de tu gente han mejorado, pero la única cosa que realmente importa es que los ingresos fiscales se han incrementado significativamente.;;;;;;;;;x
eduimp14opt;I had no idea I could have this much gold! ;Je n'avais aucune idée que je pourrais obtenir autant d'or !;Ich wusste nicht, dass ich so viel Gold haben könnte.;;¡No tenía idea de que podía tener esta cantidad de oro!.;;;;;;;;;x
EVTDESCEDUIMP15;Due to recent events, your tutor can no longer continue developing your administrative abilities. Although you have learned much, there is much more that you cannot understand without further guidance. Your studies have been terminated for the time being.;Au vu des récents événements, votre tuteur ne peut plus continuer à vous aider à comprendre les rouages administratifs. Bien que vous ayez beaucoup appris, il y a bien plus encore que vous ne pouvez comprendre sans autres conseils. Vos études ont pris fin pour le moment.;Aus aktuellem Anlass kann Euer Lehrer sich Euren Verwaltungsfähigkeiten nicht mehr weiter widmen. Obwohl Ihr einiges gelernt habt, gibt es doch viel mehr, dass Ihr nicht ohne weitere Anleitung zu verstehen vermögt. Eure Studien sind vorerst beendet.;;Debido a los recientes acontecimientos, tu tutor ya no puede seguir desarrollando tus habilidades administrativas. A pesar de que has aprendido mucho, hay mucho más que no se puede entender sin mayor orientación. Tus estudios se han terminado por el momento.;;;;;;;;;x
eduimp15opt;Wise counsel is greater even than the finest gold. ;De sages conseils valent plus que tout l'or du monde.;Mein weiser Berater, Ihr seid wertvoller als das feinste Gold.;;Un sabio consejo es mayor incluso que el oro más fino.;;;;;;;;;x
EVTDESCCASGAR5;A foreign dignitary has arrived at your court and wishes to relay his lord's assurance of friendship and peace with you. He beckons to a servant, who presents you with a rather exotic plant. It does not look like much, but denying the gesture would be seen as an insult. ;Un dignitaire est arrivé à votre cour et souhaite transmettre l'assurance d'amitié et de paix  de son seigneur envers vous. Il transmet une plante exotique à un serviteur qui vous la présente. Cela paraît peu, mais refuser le geste serait perçu comme une insulte.;Ein ausländischer Würdenträger ist an Eurem Hof eingetroffen und möchte die Zusicherung seines Lehnsherren von Freundschaft und Frieden an Euch übermittelt. Er winkt seinem Diener, der Euch eine exotische Pflanze präsentiert. Es sieht vielleicht nicht nach viel aus, aber diese Geste abzulehnen, würde als Beleidigung angesehen werden.;;Un dignatario extranjero ha llegado a tu corte y desea transmitir la garantía de su señor de amistad y paz con vosotros. Él hace señas a un criado, que se presenta con una planta más bien exótica. No parece mucho, pero negar el gesto sería visto como un insulto.;;;;;;;;;x
casgar5opt1;I gratefully accept your lord's most gracious gift. ;J'accepte avec gratitude le grâcieux cadeau de votre seigneur.;Ich nehme dankbar das gütige Geschenk Eures Herrn an.;;Acepto con gratitud el regalo generoso de tu señor.;;;;;;;;;x
casgar5opt2;I have no need for such a thing. ;Je n'ai pas besoin d'une telle chose.;Ich habe für so etwas keine Verwendung.;;No tengo ninguna necesidad de tal cosa..;;;;;;;;;x
casgar5opt3;I shall leave it in the care of my best gardener. ;Je vais laisser cette plante entre les mains de mon jardinier.;Ich sollte sie der Obhut meines besten Gärtners überlassen.;;Voy a dejarlo al cuidado de mi mejor jardinero.;;;;;;;;;x
EVTDESCCASGAR6;You have taken it upon yourself to take care of such a precious gift and plant it in the least traversed part of your garden so no one can disturb it. After a few days of painstaking care, however, you notice that some of the leaves have started to wilt. ;Vous avez pris sur vous de prendre soin d'un don aussi précieux et l'avez mis en terre dans la partie la moins fréquentée de votre jardin afin de l'abriter des autres. Cependant, après quelques jours de soins minutieux, vous remarquez que quelques feuilles ont commencé a se flétrir.;Ihr habt es auf Euch genommen, Euch um ein so kostbares Geschenk zu kümmern und pflanzt das Gewächs in den am wenigsten durchquerten Teil Eures Gartens ein, so dass es niemand stören kann. Nach ein paar Tagen mühseliger Pflege bemerkt Ihr jedoch, dass einige der Blätter begonnen haben, zu welken.;;Has tomado sobre tí mismo el cuidado de un regalo tan precioso y la plantas en la parte menos concurrida del jardín para que nadie pueda perturbarla. Después de unos días de esmerado cuidado, sin embargo, observas que algunas de las hojas han comenzado a marchitarse.;;;;;;;;;x
casgar6opt1;Perhaps it needs more water. ;Peut être qu'elle a besoin de plus d'eau.;Vielleicht braucht es nur mehr Wasser.;;Tal vez necesitaria más agua.;;;;;;;;;x
casgar6opt2;It might be better to leave it alone for now. ;Il pourrait être préférable de la laisser seule pour l'instant.;Ich sollte es jetzt wohl besser zufriedenlassen.;;Tal vez sería mejor dejarla sola por ahora.;;;;;;;;;x
casgar6opt3;Perhaps some urine or feces from the stables would help. ;Peut être quelques urines et selles des écuries l'aideraient.;Vielleicht hilft ja etwas Seiche oder ein paar Exkremente aus den Ställen.;;Tal vez un poco de orina o heces de los establos ayudarían..;;;;;;;;;x
EVTDESCCASGAR7;Unfortunately, the plant seems to be unfit to grow in these lands and has withered and died. You quietly dispose of the plant to save yourself any further embarrassment. ;Malheureusement, la plante semble inapte à s'épanouir sur ces terres, se dessèche et meurt. Vous disposez discrètement de la plante pour vous épargner tout embarras supplémentaires.;Leider scheint die Pflanze in diesen Gegenden nicht zu gedeihen. Nachdem sie verwelkt ist, entsorgt Ihr sie, um Euch weitere Unannehmlichkeiten zu ersparen.;;Por desgracia, la planta parece ser incapaz de crecer en estas tierras y se ha marchitado y muerto. Tranquilamente te deshaces de la planta para ahorrarte cualquier vergüenza más.;;;;;;;;;x
casgar7opt;Curses!;Malédictions !;Verflucht!;;¡Maldición!.;;;;;;;;;x
EVTDESCCASGAR8;Under your care, the plant has thrived and begun to sprout multiple shoots. You are pleased that it is growing well, but it seems a little excessive that such a small plant could have that many branches. ;Sous votre garde, la plante s'est épanouie et a commencée à donner plusieurs pousses. Vous êtes heureux qu'elle grandisse bien, mais il semble un peu excessif que cette petite plante puisse posséder autant de branches.;Unter Eurer Obhut hat die Pflanze begonnen, zu gedeihen und mehrere Triebe auszuschlagen. Ihr seid froh, dass sie gut wächst, wenngleich es doch fast ein wenig übertrieben scheint, dass eine so kleine Pflanze so viele Triebe hervorbringen kann..;;Bajo tu cuidado, la planta ha prosperado y han comenzado a dar brotes múltiples.Estás satisfecho de que este creciendo bien, pero parece un poco excesivo que una planta tan pequeña pueda tener tantas ramas.;;;;;;;;;x
casgar8opt1;Perhaps it's supposed to grow like that. ;Peut être qu'elle doit se développer ainsi.;Möglicherweise soll sie so wachsen.;;Tal vez se supone que debe crecer de esa manera..;;;;;;;;;x
casgar8opt2;I should prune some of the branches so it looks nicer. ;Je vais devoir tailler quelques branches afin qu'elle soit plus agréable à regarder.;Ich sollte einige der Zweige beschneiden, damit es schöner aussieht.;;Debo podar algunas de las ramas para que se vea más bonito..;;;;;;;;;x
casgar8opt3;I know exactly which branches need to be pruned. ;Je sais exactement quelles branches doivent être taillées.;Ich weiß genau, welche Zweige beschnitten werden müssen.;;Sé exactamente que ramas deben ser podadas.;;;;;;;;;x
EVTDESCCASGAR9;Unfortunately, the plant's growth outpaced its ability to nourish itself, and a withered mess is all that is left of your magnificent gift. ;Malheureusement, la croissance de la plante a dépassé sa capacité nutritive, et un amas flétri est tout ce qui reste de votre magnifique cadeau.;Unglücklicherweise übertraf das Wachstum der Pflanze Ihre Fähigkeit, sich selbst zu ernähren. Ein verdorrtes Durcheinander ist alles, was von diesem großartigem Geschenk übrig geblieben ist.;;Desafortunadamente, el crecimiento de la planta superó su capacidad de alimentarse, y un lío de ramas marchitas es todo lo que queda de tu magnífico regalo.;;;;;;;;;x
casgar9opt;Curses!;Malédictions !;Verflucht!;;¡Maldición!.;;;;;;;;;x
EVTDESCCASGAR10;Despite your efforts, your pruning has done more harm than good and the plant's growth was stunted for a few weeks before it withered and died. ;Malgré vos efforts, votre élagage a fait plus de mal que de bien et votre plante connait un retard de croissance pendant quelques semaines avant qu'elle ne se dessèche et meurt.;Trotz Eurer Bemühungen, hat das Bescheneiden Eurer Pflanze mehr Schaden als Nutzen gebracht. Nachdem sie einige Wochen lang immer mehr verkümmerte, ist sie schließlich vollends eingegangen.;;A pesar de tus esfuerzos, la poda ha hecho más daño que bien y el crecimiento de la planta fue atrofiado por algunas semanas antes de que se marchitara y muriera.;;;;;;;;;x
casgar10opt;Curses!;Malédictions !;Verflucht!;;¡Maldición!.;;;;;;;;;x
EVTDESCCASGAR11;One day, while tending to your plant, you accidentally make a cut into the stalk of the plant. It begins to ooze a bright red liquid almost resembling blood. What madness is this? ;Un jour, alors que vous entretenez votre plante, vous entaillez accidentellement la tige. Un liquide rouge vif similaire à du sang commence à suinter. Quelle est cette folie ?;Eines Tages, als Ihr durch Euren Garten schlendert, verletzt Ihr versehentlich den Stängel Eurer Pflanze. Sie fängt an, eine leuchtend rote Flüssigkeit, fast wie Blut, abzusondern. Welch Wahnsinn ist das?;;Un día, mientras cuidas tu planta, accidentalmente haces un corte en su tallo. Se comienza a supurar un líquido parecido a la sangre casi de color rojo brillante. ¿Qué locura es esta?.;;;;;;;;;x
casgar11opt1;Kill it with fire!;Brûlez-là !;Verbrennt sie!;;¡Quemadla¡;;;;;;;;;x
casgar11opt2;Perhaps the lifeblood of the plant can bring health to me. ;Le sang de la plante peut probablement m'apporter la santé.;Vielleicht kann mir der Lebenssaft der Pflanze Gesundheit verschaffen.;;Tal vez el elemento vital de la planta puede ayudar a mi salud.;;;;;;;;;x
casgar11opt3;This resembles something that I have read about! ;Cela ressemble à quelque chose que j'ai lu !;Über so etwas habe ich schon einmal gelesen ...;;¡Esto se asemeja a algo que he leído!.;;;;;;;;;x
casgar11opt2tooltip;You harvest the sap and consume a small amount daily. After a while, you feel younger and stronger. ;Vous récoltez la sève et en avalez une petite quantité quotidienne. Après un certain temps, vous vous sentez plus jeune et plus fort.;Ihr sammelt den Saft und nehmt täglich etwas davon zu Euch. Nach einiger Zeit fühlt Ihr Euch jünger und stärker.;;Cosechas la savia y la consumes en una pequeña cantidad diaria. Después de un rato, te sientes más joven y más fuerte.;;;;;;;;;x
casgar11opt3tooltip;"You remember reading about ""dragon's blood"", a valuable resin secreted only by certain rare plants. Selling it could bring a hefty profit. ";"Vous vous souvenez d'une lecture sur le "sang-dragon", une résine précieuse sécrétée uniquement par certaines plantes rares. Sa vente pourrait rapporter gros...";"Ihr erinnert Euch daran, etwas über ""Das Drachenblut"" gelesen zu haben, dabei handelt es sich um ein wertvolles Harz, das nur von bestimmten seltenen Pflanzen ausgeschieden wird. Der Verkauf wäre sicher sehr gewinnbringend.";;"¿Te acuerdas que acabas de leer algo acerca de ""sangre de dragón"", una resina valiosa segregada sólo por ciertas plantas raras. La venta podría traer un beneficio fuerte.";;;;;;;;;x
casgar11opt4;Perhaps I should just leave it alone. ;Peut être devrais-je juste la laisser seule.;Vielleicht sollte ich sie besser in Ruhe lassen.;;Tal vez debería dejarla sola.;;;;;;;;;x
EVTDESCCASGAR12;The plant seems to have mysteriously bled itself to death. You are still not sure what happened, but it matters little since all you have to show for your labors is a dead plant. ;La plante semble s'être mystérieusement saignée à mort. Vous n'êtes pas sûr de ce qui s'est passé, mais peu importe puisqu'une plante morte est tout ce que vous avez à montrer de votre travail.;Aus unerklärlichen Gründen scheint sich Eure Pflanze selbst zu Tode geblutet zu haben. Ihr seid Euch immer noch nicht im Klaren, was genau passiert ist, da die Pflanze nun leider verwelkt ist, spielt das aber keine Rolle mehr.;;La planta parece haberse misteriosamente desangrado hasta morir. Todavía no estás seguro de lo que pasó, pero poco importa ya que todo lo que tienes para mostrar de tus trabajos es una planta muerta..;;;;;;;;;x
casgar12opt;Curses!;Malédictions !;Verflucht!;;¡Maldición!;;;;;;;;;x
EVTDESCCASGAR13;"By carefully limiting how much sap you extract from the plant, you are able to secure a steady supply for your personal use. News spreads of the rare and mysterious substance you now possess, and scholars from throughout the realm seek you out, willing to pay a small fortune in exchange for a vial of what the people are calling ""dragon's blood"". ";"En limitant soigneusement la quantité de sève à extraire de la plante, vous vous assurez un approvisionnement régulier pour votre usage personnel. La nouvelle concernant la substance rare et mystérieuse que vous possèdez désormais se propage, et des érudits de tout le domaine cherche à vous voir, prêt à payer une petite fortune en échange d'un flacon de ce que les gens apellent le "sang-dragon" ". ;Dadurch, dass Ihr die Menge des Saftes, den Ihr der Pflanze entnehmt, behutsam einschränkt, könnt Ihr eine beständige Versorgung für die persönliche Nutzung sicherstellen. Es kursieren Gerüchte über die geheimnisvolle Substanz die Ihr besitzt und Gelehrte aus dem gesamten Reich suchen Euch auf, bereit, Euch ein kleines Vermögen für eine Ampulle des Saftes, welches auch „Drachenblut“ genannt wird, zu bezahlen.;;"Por limitar cuidadosamente la cantidad de savia que se extrae de la planta, eres capaz de asegurar un suministro constante para tu uso personal. Las noticias de la rara y misteriosa sustancia que ahora posees se expanden, y académicos de todo el reino te buscan, dispuestos a pagar una pequeña fortuna a cambio de un vial de lo que el vulgo llama ""sangre de dragón"".";;;;;;;;;x
casgar13opt;A most precious gift! ;Un cadeau des plus précieux !;Welch kostbares Geschenk.;;¡Un regalo más precioso!.;;;;;;;;;x
EVTDESCCASGAR14;You decided a few days ago to hold a small feast at your castle, but the company has grown tiresome and you wish to escape the long-winded conversations happening in the banquet hall. Choosing to hide yourself in your hedge maze, you stop when you suddenly hear hushed voices. ;Il y a quelques jours, vous avez décidez de tenir une petite fête au château, mais cette assemblée vous est devenu pénible et vous souhaitez échapper aux conversations interminables dans la salle de banquet. Vous réfugiant dans votre labyrinthe de haies, vous vous arrêtez quand vous entendez soudainement des chuchotements.;Ihr habt Euch vor ein paar Tagen dafür entschieden, ein kleines Gelage auf Eurer Burg abzuhalten, doch schon bald ermüden Euch Eure Gäste und Ihr sehnt Euch danach, den langatmigen Gesprächen im Festsaal zu entfliehen. Als Ihr Euch in Eurem Heckenlabyrinth verstecken wollt, hört Ihr jedoch gedämpfte Stimmen.;;Has decidido hace unos días celebrar una pequeña fiesta en tu castillo, pero la compañía ha crecido tediosamente y deseas escapar de las lasrgas conversaciones que ocurren en el salón de banquetes. Eliges ocultarte a tí mismo en el laberinto de setos,te alejas de todos cuando de repente oyes susurros.;;;;;;;;;x
casgar14opt;Who could that be? ;Qui se touve là ?;Wer könnte das bloß sein?;;¿Quién puede ser?;;;;;;;;;x
EVTDESCCASGAR16;You listen closely and are shocked to hear [From.GetTitledFirstName]'s voice. Even more shocking are the details of [From.GetHerHis] plan to [From.GetPlot]. You steal quietly away from the scene and contemplate what you will do with this information. ;Vous écoutez attentivement et êtes choqué non seulement d'entendre la voix de [From.GetTitledFirstName], mais surtout les détails de son plan pour [From.GetPlot]. Vous vous éloignez discrètement des lieux et réfléchissez à ce que vous allez faire de cette information.;Ihr hört angestrengt zu und seid schockiert, als Ihr die Stimme von [From.GetTitledFirstName] erkennen könnt. Noch erschütternder ist allerdings, was  [From.GetTitledFirstName] zu tun gedenkt … er will [From.GetPlot]. Ihr schleicht Euch still und heimlich wieder davon und überlegt, was Ihr mit diesen Informationen zu tun gedenkt.;;Escuchas con atención y te sorprendes al escuchar la voz de [From.GetTitledFirstName]. Aún más sorprendente son los detalles de el plan de [From.GetHerHis] para [From.GetPlot].Te vas tranquilamente lejos de la escena y contemplas lo que va a hacer con esta información.;;;;;;;;;x
casgar16opt;A most interesting development. ;Une évolution intéressante.;Eine interessante Entwicklung.;;Un plan muy interesante..;;;;;;;;;x
EVTDESCCASGAR17;One evening while on a stroll through your gardens, you decide to sit down and rest outside your hedge maze. Suddenly, you hear a familiar voice speaking quietly on the other side of the hedge. ;Lors d'une promenade vespérale dans vos jardins, vous vous asseyez et vous reposez hors de votre labyrinthe végétal. Soudain, une voie familière atteint vos oreilles à travers la haie.;Eines Morgens, als Ihr durch Euren Garten spaziert, beschließt Ihr, am Rande Eures Heckenlabyrinths Platz zu nehmen und eine Pause zu machen. Plötzlich hört Ihr eine vertraute Stimme von der anderen Seite des Labyrinths. ;;Una noche, mientras estas en un paseo por tus jardines, decides sentarte y descansar fuera de el laberinto de setos. De repente, se oye una voz familiar hablando en voz baja por el otro lado del seto.;;;;;;;;;x
casgar17opt;I wonder who that is... ;Je me demande qui est...;Ich frage mich, wer das ist …;;Me pregunto quién es ...;;;;;;;;;x
EVTDESCCASGAR19;Listening closely, you recognize [From.GetFirstName]'s voice! Even more surprising is [From.GetHerHis] conversation. It seems [From.GetSheHe] is planning to [From.GetPlot]. You quietly stand up and make your way back to the castle, mulling over this new information. ;En écoutant attentivement, vous reconnaissez la voie de [From.GetFirstName]. Son sujet de conversation est par contre surprenant. Il semble qu'[From.GetSheHe] prévoit de [From.GetPlot]. Vous vous éloignez doucement et rentrez au château, ressassant cette nouvelle information.;Als Ihr genauer zuhört, erkennt Ihr [From.GetFirstName]'s Stimme wieder. Überraschend ist allerdings, was [From.GetSheHe] zu bereden hat. Es scheint, als wolle [From.GetSheHe] [From.GetPlot]. Ihr steht leise auf und macht Euch auf den Weg zurück zu Eurer Burg, während Ihr über diese neuen Informationen nachdenkt.;;Escuchas de cerca y reconoces la voz de ¡[From.GetFirstName]! Aún más sorprendente es la conversación de [From.GetHerHis]. Parece que [From.GetSheHe] está planeando [From.GetPlot].Tranquilamente te pones de pie y continuas tu camino de regreso al castillo, dándole muchas vueltas a esta información.;;;;;;;;;x
casgar19opt;Interesting... ;Intéressant...;Höchst interessant …;;Interesante...;;;;;;;;;x
EVTDESCWINCEL4;The words of the Qur'an forbid the faithful to drink wine, yet you possess a cellar full of it in the castle. If you are to be obedient to the words of Allah, you must dispose of that which is haram and forbidden. ;Il est écrit dans le Coran qu'il est interdit de boire du vin, mais vous en possèdez une cave complète au château. Afin de vous soumettre à la parole d'Allah, vous devez disposez de ce qui est haram, interdit et illicite.;Der Qur'an verbietet es dem Gläubigen, Wein zu trinken, und dennoch ist der Keller Eurer Burg voll davon. Wenn Ihr den Worten Allahs gehorsam sein wollt, müsst Ihr Euch dessen, was verboten ist, entledigen.;;Las palabras del Corán prohíbe a los fieles beber vino, sin embargo posees un sótano lleno de este en el castillo. Si vas a ser obediente a las palabras de Allah, debes deshacerte de lo que es haram y esta prohibido.;;;;;;;;;x
wincel4opt1;Pour the wine into the streets!;Versez le vin sur le sol des rues !;Gießt den Wein in die Gosse.;;¡Verter el vino en las calles!.;;;;;;;;;x
wincel4opt2;It would be such a waste...;Ce serait un tel gâchis...;Es wäre eine solche Verschwendung …;;Sería un desperdicio ...;;;;;;;;;x
EVTDESCWINCEL5;The realm has fallen upon hard times and the treasury is empty, but the wine cellar is full of valuable vintages that have been collected by your predecessors. Although it would be a sign of your failure to manage your affairs, it would be possible to pay back a portion of your debt by selling your rarest wines. ;Le royaume vit des moments difficiles et le trésor est vide. Mais la cave est pleine de millésimes précieux rassemblés par vos prédecesseurs. Bien qu'il s'agirait d'un signe de votre incapacité à gérer vos affaires, il serait possible de rembourser une partie de la dette en vendant quelques-uns de vos précieux vins.;Schwere Zeiten sind für Euer Reich angebrochen, die Schatzkammer ist leer. Der Weinkeller ist allerdings voll von wertvollen Jahrgängen, die von Euren Vorgänger gesammelt wurden. Es wäre zwar eine Schande, doch wäre es möglich, einen Teil der Schulden durch den Verkauf von Teilen Eurers wertvollen Weins zurückzuzahlen.;;Los tiempos difíciles ha caido sobre el reino y la tesorería está vacía, pero la bodega está llena de cosechas valiosas que han sido recogidas por tus predecesores. Aunque sería un signo de tu incapacidad para gestionar el gobierno, sería posible pagar una porción de la deuda mediante la venta de los vinos más raros.;;;;;;;;;x
wincel5opt1;Never! ;Jamais !;Niemals!;;¡Nunca!.;;;;;;;;;x
wincel5opt2;It's for the best. ;C'est pour le mieux.;Es ist besser so.;;Es lo mejor..;;;;;;;;;x
EVTDESCWINCEL6;You have decided that now is the perfect time to hold a small feast to celebrate the current prosperity of the realm. Some of your most trusted vassals and members of the minor nobility have answered your invitation and gathered at the castle for a night of feasting and revelry. Once the food is served, you suddenly realize that you are a little short on wine. ;Vous avez décidé que c'était le moment idéal d'organiser une petite fête pour célébrer la prospérité actuelle du domaine. Certains de vos vassaux les plus fiables et des membres de la petite noblesse ont répondu à votre invitation et se rassemble au château pour une nuit de festins et de divertissements. Ce n'est qu'une fois la nourriture servie que vous réalisez que vous êtes un peu court sur le vin.;Ihr habt beschlossen, dass jetzt der richtige Zeitpunkt ist, um ein kleines Fest abzuhalten, um den aktuellen Wohlstand Eures Reiches zu feiern. Einige Eurer vertrautesten Vasallen und Mitglieder der niederen Adels haben Eure Einladung angenommen und haben sich auf Eurer Burg für eine Nacht des Feierns und der Festlichkeit versammelt. Als das Essen serviert wird, stellt Ihr plötzlich fest, dass Euer Weinvorrat knapper ist, als Ihr dachtet.;;Has decidido que ahora es el momento perfecto para celebrar una pequeña fiesta para celebrar la prosperidad actual del reino. Algunos de tus vasallos de más confianza y miembros de la pequeña nobleza han respondido a tu invitación y se reunieron en el castillo para una noche de fiesta y jolgorio. Una vez que la comida se sirve, de repente te das cuenta de que estas un poco corto de vino.;;;;;;;;;x
wincel6opt1;Let the wine flow! ;Que le vin coule à flot !;Wein für alle!;;¡Dejad que corra el vino!.;;;;;;;;;x
wincel6opt2;Serve only some, save the rest for another time. ;N'en servir qu'une partie, et garder le reste pour une autre occasion.;Tischt nur ein wenig Wein auf, und spart den Rest für eine andere Gelegenheit.;;¡Sirve sólo algunos, guardad el resto para otra ocasión¡..;;;;;;;;;x
EVTDESCWINCEL7;"The room erupts into cheers when your servants bring out cask after cask of wine. Caught up in the moment, you fill your flask to the brim and guzzle it down... and another... and another. The room starts to spin, but you keep drinking and laughing until you hear someone say something like ""drunken sot"". ";"La salle vibre sous les acclamations lorsque vos serviteurs apportent tonneau après tonneau de vin. Pris dans le moment, vous remplissez votre coupe à ras bord et engouffrez le tout dans votre gosier... puis une autre... et une autre. La salle commence à tourner, mais vous continuez à boire et à rire jusqu'à ce que vous entendiez quelqu'un dire quelque chose comme "ivrogne" ".;Der Raum bricht in Jubel aus, als Eure Knechte ein Fass Wein nach dem anderen hereinbringen. Ihr füllt Eure Becher bis zum Rande und kippt sie … einen nach dem anderen ... hinunter. Der Raum beginnt sich zu drehen, aber Ihr hört nicht auf zu trinken und zu lachen, bis Ihr jemanden etwas wie 'betrunkener Säufer' sagen hört.;;"La sala estalla en aplausos cuando sus siervos sirven barrica tras barrica de vino. Atrapado por el momento llenas tu vaso hasta el borde y lo bebes de un trago luego ...otra ... y otra. La sala comienza a girar, pero te mantienes bebiendo y riendo hasta que escuchas a alguien decir algo así como ""borracho,borracho"".";;;;;;;;;x
wincel7opt1;How -hic- rude! You give the order to imprison him.;Quel -hic- insolent ! Au cachot !;Wie -hicks- unverschämt. In den Kerken mit -hicks- ihm!;;¡Cómo -hic- grosero! Das la orden de encarcelarlo.;;;;;;;;;x
wincel7opt2;You grab your sword -hic- and challenge the offender to a duel. ;Vous saisissez votre épée -hic- et défiez l'offenseur en duel.;Ihr ergreif Euer Schwert und -hicks- fordert ein Duell.;;Agarras tu -hic- espada y desafías al delincuente a un duelo.;;;;;;;;;x
wincel7opt3;You decide to -hic- ignore him. ;Vous choisissez d'-hic-gnorer l'offense.;Ihr beschließt ihn zu -hicks- ignorieren.;;Decides -hic- ignorarlo.;;;;;;;;;x
EVTDESCWINCEL8;The room erupts into cheers when your servants bring out cask after cask of wine. Two of the nobles in particular seem especially enthusiastic, until in their drunkenness, they begin to insult each other's families. If you do not act soon, there may be blood on your hands. ;La salle vibre sous les acclamations alors que vos serviteurs apportent tonneau après tonneau de vin. Deux nobles en particulier semblent très enthousiastes, jusqu'à ce que dans l'ivresse, ils ne commencent à insulter la famille de l'autre. Si vous n'agissez pas rapidement, cela pourrait finir en bain de sang.;Der Raum bricht in Jubel aus, als Eure Knechte ein Fass Wein nach dem anderen hereinbringen. Zwei der Adeligen scheinen ganz besonders begeistert, bis sie völlig betrunken einander beleidigen. Wenn Ihr nicht rasch handelt, könnte dies blutig enden.;;La sala estalla en aplausos cuando tus siervos sirven barrica tras barrica de vino. Dos de los nobles, en particular, parecen especialmente entusiastas, hasta que en su embriaguez, comienzan a insultar a la familia del otro. Si no se actúa pronto, puede haber sangre en sus manos.;;;;;;;;;x
wincel8opt1;Calm them. ;Calmez-les.;Sie beruhigen.;;Calmarlos..;;;;;;;;;x
wincel8opt2;Command the guards to restrain them. ;Ordonnez aux gardes de les retenir.;Den Wachen befehlen, sie in Schranken zu halten.;;Manda a los guardias para contenerlos..;;;;;;;;;x
EVTDESCWINCEL9;Despite the slight interruption to the revelry, it would seem that the feast was a success. When you awake with your head pounding and a dry mouth the next morning, you smile knowing that it was truly a night to remember... even if you remember nothing at all. ;Malgré le léger incident lors des festivités, la fête semble avoir été une réussite. Le lendemain matin, malgré la tête douloureuse et la bouche sèche, vous souriez en sachant que cette soirée était inoubliable... même si vous n'en avez plus aucun souvenir.;Trotz der kleinen Unterbrechung der Festlichkeit, scheint es, als wäre das Gelage ein Erfolg gewesen. Als Ihr am nächsten Morgen mit hämmerndem Kopf und trockenem Mund erwacht, lächelt Ihr, in dem Wissen, das dies wahrlich eine erinernnswerte Nacht gewesen ist … auch wenn Ihr Euch selbst an rein gar nichts erinnern könnt.;;A pesar de la más mínima interrupción a la juerga, parece que la fiesta fue un éxito. Cuando te despiertas con dolor de cabeza y la boca seca a la mañana siguiente, sonries sabiendo que fue verdaderamente una noche para recordar ... incluso si no te acuerdas de nada en absoluto.;;;;;;;;;x
wincel9opt;What happened last night? ;Que s'est-il passé la nuit dernière ?;Was ist letzte Nacht geschehen?;;¿Qué pasó anoche?;;;;;;;;;x
EVTDESCWINCEL10;Despite your guards' best efforts, the men seem committed to throwing themselves at each other. One of them breaks free from the guard's grasp, but the momentum carries him forward and he falls headfirst, hitting his head on the stone floor. Closer inspection reveals he has been knocked unconscious. ;Malgré les efforts valeureux de vos gardes, les deux nobles semblent bien décidés à se jeter l'un sur l'autre. L'un d'eux se libère de la prise d'un garde, mais il perd l'équilibre dans son élan et tombe la tête la première sur le sol de pierre. Une inspection minutieuse révèle qu'il s'est assommé.;Trotz der Bemühungen Eurer Wachen scheinen die Männer entschlossen zu sein, sich gegenseitig an den Hals zu gehen. Einer von ihnen entreißt sich dem Griff der Wachen, allerdings lässt ihn der Schwung kopfüber zu Boden stürzen und mit dem Kopf auf dem Steinboden aufschlagen. Nähere Untersuchungen deuten darauf hin, dass er das Bewusstsein verloren hat.;;A pesar de los mejores esfuerzos de tus guardias, los hombres parecen comprometidos lanzándose insultos el uno al otro. Uno de ellos se escapa de las manos de la guardia, pero el impulso lo lleva hacia adelante y cae de cabeza, golpeandose contra el suelo de piedra. Una inspección más cercana revela que ha quedado inconsciente.;;;;;;;;;x
wincel10opt;Oh dear.;Bon Dieu !;Ach du meine Güte!;;Oh querido...;;;;;;;;;x
EVTDESCWINCEL11;Your guards inform you that a ragged-looking knight has arrived at your castle and asked for your hospitality. His story is that he no longer has a lord and is wandering the land in search of food and shelter, but it is always wise to be wary of strange men who appear out of nowhere. ;Vos gardes vous informe qu'un chevalier déguenillé est arrivé au château et a demandé l'hospitalité. Son histoire : il n'a plus de seigneur et erre à la recherche du gîte et du couvert. Cependant, il est toujours sage de se méfier des hommes étranges qui semblent surgir de nulle part.;Eure Wachen informieren Euch, dass ein zerlumpt aussehender Ritter an Eurer Burg eingetroffen ist und um Eure Gastfreundschaft bittet. Er berichtet, dass er keinen Lehnsherrn mehr hat und das Land auf der Suche nach Speise und Zuflucht durchstreift. Es ist immer weise, bei fremden Männern, die wie aus dem Nichts auftuchen, behutsam zu sein.;;Tus guardias te informan que un caballero andrajoso en busca de alojamiento acaba de llegar al castillo y ha preguntado por ti. Su historia es que él ya no tiene señor y está vagando por la tierra en busca de alimento y refugio, pero siempre es aconsejable tener cuidado con los hombres extraños que aparecen de la nada..;;;;;;;;;x
wincel11opt1;Welcome him. ;Accueillons-le.;Ihn wilkommen heißen.;;Darle la bienvenida.;;;;;;;;;x
wincel11opt2;Turn him away. ;Renvoyez-le.;Ihn wieder wegschicken.;;Evitarle.;;;;;;;;;x
EVTDESCWINCEL14;As a responsible host, you provide the knight with fresh clothes and invite him to sup with you and your court. [FromFrom.GetFirstName] regales you with colorful tales of his travels, much to the amusement of all present. You remark that he is so well-traveled that he could have seen the edge of the world, to which [From.GetFirstName] responds that the world has no edge. ;En qualité d'hôte, vous offrez au chevalier de nouveaux habits et l'invitez à souper avec vous et votre cour. [FromFrom.GetFirstName] vous régale avec les histoires colorées de ses voyages, au ravissement de tous ceux présents. Vous faîtes remarquer qu'il a si longtemps voyagé qu'il a pu voir le bout du monde, ce à quoi [From.GetFirstName] répond que le monde n'a pas de bord.;Als verantwortungsvoller Gastgeber, bieten Ihr dem Ritter frische Kleidung an und ladet ihn ein, mit Euch und zu Abend zu essen. [FromFrom.GetFirstName] verwöhnt Euch mit bewegenden Geschichten seiner Reisen, sehr zum Vergnügen der Anwesenden. Ihr stellt fest, dass er so weit gereist sein muss, dass er selbst das Ende der Welt gesehen haben könnte, worauf [Root.Spouse.GetFirstName] antwortet, dass die Welt keine Ende hat.;;Como anfitrión responsable, Proporcionas a el caballero ropa limpia y le invitas a cenar contigo y tu corte. [FromFrom.GetFirstName] te regala cuentos coloridos de sus viajes, para diversión de todos los presentes. Comentas que él ha viajado tanto que pudo haber visto el borde del mundo, a lo que [From.GetFirstName] responde que el mundo no tiene borde..;;;;;;;;;x
wincel14opt1;Shut up, woman! ;Tais-toi, femme !;Schweigt, Weib!;;¡Cállate, mujer!;;;;;;;;;x
wincel14opt2;Ah. Perhaps I am mistaken. ;Ah. Se pourrait-il que je me trompe ?;Nun, vielleicht liege ich falsch.;;Ah.. Tal vez me equivoco..;;;;;;;;;x
EVTDESCWINCEL16;[From.GetFirstName] gives you a strange look and tells you that [Root.Spouse.GetFirstName] is correct and that various proofs by the ancients have shown the Earth is indeed round. Seeing the look on your face, he decides not to continue with his proof. The table falls silent as it awaits your response. ;[From.GetFirstName] vous lance un regard étrange et vous affirme que [Root.Spouse.GetFirstName] est dans le vrai. Diverses preuves des anciens prouve que la Terre est ronde. Saississant l'expression de votre visage, il arrête là le débat. Le silence s'installe autour de la table, attendant votre réaction.;[From.GetFirstName] wirft Euch einen seltsamen Blick zu und sagt, dass [Root.Spouse.GetFirstName] recht hat, dass verschiedene Beweise von den Menschen der Antike andeuten, dass die Erde ist in der Tat rund ist. Euren Gesichtsausdruck bemerkend, beschließt er seine Ausführungen nicht weiter fortzusetzen. Der Tafelrunde verstummt, eure Eure Antwort erwartend.;;[From.GetFirstName] te dirije una extraña mirada y te dice que [Root.Spouse.GetFirstName] esta en lo correcto y que diversas pruebas antiguas demuestran que la tierra es redonda. Al ver la expresión de tu cara, él decide no continuar con su discurso. La mesa se queda en silencio, y todos esperan tu respuesta.;;;;;;;;;x
wincel16opt1;You are no longer welcome here. ;Vous n'êtes plus le bienvenu ici.;Ihr seid hier nicht mehr wilkommen.;;Usted ya no es bienvenido aquí..;;;;;;;;;x
wincel16opt2;I... suppose you are right. ;Je... suppose que vous avez raison.;Ich … denke Ihr habt recht.;;Yo ... supongo que tienes razón..;;;;;;;;;x
EVTDESCWINCEL18;The night ends on a more positive note, but [From.GetFirstName] refuses to even talk to you or look at you. Your guest has been rather silent as well, and you notice the looks of sympathy that he gives to [From.GetFirstName] throughout the night. At last, you dismiss everyone to bed and note with unease the anger on your wife's face. ;La nuit se termine sur une note plus positive, mais [From.GetFirstName] refuse maintenant de vous parler ou même regarder. Votre invité est également resté silencieux, mais vous avez remarqué les regards empreint de sympathie qu'il lance à [From.GetFirstName] toute la nuit. Au final, vous congédiez tout le monde pour la nuit et notez avec inquiétude le visage colérique de votre épouse.;Die Nacht endete doch noch erfreulich, [From.GetFirstName] jedoch weigert sich Euch anzusehen, geschweige denn mit Euch zu sprechen. Euer Gast war bisher sehr ruhig, und Euch fallen Blicke des Wohlwollens auf, die er [From.GetFirstName] über die Nacht zukommen lässt. Schlussendlich entlasst Ihr alle zu Ihren Gemächern und stellt mit Unbehagen den Zorn auf dem Gesicht Eurer Frau fest.;;La noche termina con una nota más positiva, pero [From.GetFirstName] se niega a hablarte , incluso mirarte. Tu huésped ha sido más bien silencioso, y has dado cuenta de las miradas de simpatía que dirije a [From.GetFirstName] durante toda la noche. Por fin, al despedir a todos a la cama ves con inquietud la ira en el rostro de tu esposa.;;;;;;;;;x
wincel18opt;No matter. I am the master of my own house. ;Peu m'importe. Je suis le maître de ma maison.;Egal. Ich bin der Herr in meinem Haus.;;No importa. Yo soy el dueño de mi propia casa.;;;;;;;;;x
EVTDESCWINCEL20;You have received disturbing news that you wife is with child, even though you have not slept with her since that knight arrived at your castle. It turns out that the child is his and they have been seeing each other behind your back! ;Vous avez reçu une nouvelle inquiétante : votre femme est enceinte alors que vous n'avez pas dormi avec elle depuis l'arrivée de ce chevalier en votre château. Il s'avère que l'enfant est de lui et qu'ils se voyaient dans votre dos !;Euch hat die bestürzende Kunde erreicht, dass Eure Frau schwanger ist, obwohl Ihr nicht mehr mit Ihr geschlafen habt, seitdem der fremde Ritter an Eurer Burg eingetroffen ist. Es stellt sich heraus, dass das Kind von ihm ist, und dass die beiden sich hinter Eurem Rücken getroffen haben.;;Has recibido noticias inquietantes que tu esposa está embarazada, a pesar de que no has dormido con ella desde que aquel caballero llegó a tu castillo. Resulta que el niño es suyo y que se han estado viendo a ¡tus espaldas!.;;;;;;;;;x
wincel20opt;Faithless whore! ;Catin infidèle !;Treulose Hure!;;¡Perra desleal!.;;;;;;;;;x
EVTDESCWINCEL22;As supper ends, [From.GetFirstName] pulls you aside to tell you that he admires your courage and nobility in admitting your mistake. It would seem that you have made a new friend and found a most loyal retainer. ;Alors que le souper se termine, [From.GetFirstName] vous prends à part pour vous faire part de son admiration pour votre courage et votre noblesse en admettant votre erreur. Il semble que vous vous soyez fait un nouvel ami et trouvé un serviteur des plus loyaux.;Als das Abendessen endet, zieht Euch [From.GetFirstName] beiseite, um Euch zu sagen, dass er Euren Mut und Anstand, Euren Fehler zuzugeben, sehr bewundert. Es scheint, als hättet Ihr einen neuen Freund und treuen Diener gefunden.;;La cena termina y [From.GetFirstName] habla contigo para decirte que él admira tu valentía y nobleza en admitir tu error. Parece que has hecho un nuevo amigo y un siervo muy leal.;;;;;;;;;x
wincel22opt;Virtue is its own reward. ;La vertu est sa propre récompense.;Die Tugend ist sich selbst Ihr Preis.;;La virtud es la propia recompensa..;;;;;;;;;x
EVTDESCSECPAS3;One day while wandering through the halls of your castle, you come across what seems to be a hidden door tucked behind a suit of armor. You push it open and look inside, but there are no lit torches to guide your way. ;Un jour, alors que vous errez dans les couloirs du château, vous tombez sur ce qui semble être une porte dérobée cachée derrière une armure. Vous y accédez, l'ouvrez, mais il n'y a aucune torche pour éclairer votre chemin.;Eines Tages, bei einem Spaziergang durch die Hallen der Burgs, stoßt Ihr auf etwas, was eine versteckte Tür hinter einer der Rüstungen zu sein scheint. Ihr stoßt sie auf und werft einen Blick hinein, doch sind darin keine brennenden Fackeln, die den Weg erhellen.;;Un día, mientras deambulabas por los pasillos de tu castillo, te encuentras con lo que parece ser una puerta escondida detrás de una vieja armadura . La empujas y al abrirse observas el interior, pero no hay antorchas encendidas para guiar tu camino.;;;;;;;;;x
secpas3opt1;I should go explore it!;Je devrais explorer cet endroit !;Ich sollte mir das näher ansehen.;;¡Debo ir a explorar!.;;;;;;;;;x
secpas3opt2;Dark places are scary and dangerous. ;Les lieux sombres sont effrayants et dangereux.;Dunkle Orte sind beängstigend und gefährlich.;;Los lugares oscuros dan miedo y son peligrosos.;;;;;;;;;x
EVTDESCSECPAS4;You manage to find a torch and begin wandering through the passages, but they all start looking the same. After redoubling your steps a few dozen times, you come to the realization that you are lost. Even worse, your torch is dying and you cannot find your way out. ;Vous parvenez à trouver une torche et commencez à déambuler dans les passages, mais il commence à tous se ressembler. Après être revenu sur vos pas une bonne dizaine de fois, vous réalisez que vous vous êtes perdu. Pire encore, votre torche se meurt et vous ne pouvez retrouvez votre chemin.;Ihr könnt eine Fackel auftreiben und beginnt damit, durch die Gänge zu wandern, jedoch sehen diese alle zum verwechseln ähnlich aus. Nachdem Ihr dutzende Male versucht, Euch zurechtzufinden, müsst Ihr feststellen, dass Ihr Euch verlaufen habt. Es kommt noch schlimmer, denn das Licht Eurer Fackel wird immer schwächer ...;;Te las arreglas para encontrar una antorcha y comienzas vagando por los pasajes, pero todos ellos parecen iguales. Después de redoblar tus pasos una docena de veces,llegas a la conclusión de que estás perdido. Lo que es peor, tu antorcha se está apagando y no se ve ninguna salida.;;;;;;;;;x
secpas4opt;Oh no!;Oh non !;Auch das noch!;;¡Oh no!;;;;;;;;;x
EVTDESCSECPAS5;Soon after you went missing, your guards began a frantic search for you throughout the castle, but it would be days before they finally found the passageway and carried you out. Without any food or water, you had fallen dangerously ill and may not recover. ;Peu de temps après votre disparition, les gardes ont commencé une recherche frénétique à travers le château. Mais il a fallu plus d'un jour pour qu'ils trouvent l'entrée du passage et ne vous en sortent. Sans eau ni nourriture, vous êtes tombé gravement malade et pourriez ne pas récupérer.;Schon bald nachdem man Euch vermisst hat, haben Eure Wachen eine verzweifelte Suche nach Euch in Eurer gesamten Burg begonnen. Doch es würde Tage dauern, bis sie den Durchgang finden und Euch heraushelfen könnten. Ohne Speis und Trank werden Eure Kräfte Euch sicher schnell verlassen ...;;Poco después de que te perdiste, tus guardias comenzaron una búsqueda frenética en todo el castillo, pero pasaron días antes de que finalmente encontraran el pasaje y te sacaran de allí. Sin comida ni agua,habías caído gravemente enfermo y puedes no recuperarte.;;;;;;;;;x
secpas5opt;It really was dark and dangerous. ;C'était vraiment sombre et dangereux.;Es war tatsächlich beängstigend und gefährlich.;;Realmente era oscuro y peligroso.;;;;;;;;;x
EVTDESCSECPAS6;You find yourself getting colder by the minute and it seems like no one is coming to save you. Exhausted, you close your eyes for a short nap... ;Le froid se saisit de vous à chaque minute qui passe et personne ne semble venir pour vous sauver. Épuisé, vous fermez les yeux pour une courte sieste...;Ihr bemerkt, wie Euch von Minute zu Minute kälter wird, und es scheint, als würde niemand kommen, um Euch zu retten. Entkräfted schließt Ihr Eure Augen …;;Te encuentras temblando de frío por momentos y parece que nadie va a venir a salvarte. Exhausto, cierras los ojos para una pequeña siesta ...;;;;;;;;;x
secpas6opt;Zzz... ;Zzz...;Zzz... ;;Zzz..;;;;;;;;;x
EVTDESCSECPAS7;Your unfortunate predecessor perished wandering the secret passageways within the castle and only now have you managed to recover the body. ;Votre infortuné prédécesseur a péri en errant dans les passages secrets du château et son corps vient seulement d'être récupéré.;Euer unglückseliger Vorgänger scheint bei einem Spaziergang durch die Geheimgänge der Burg umgekommen zu sein und Ihr habt erst jetzt seine sterblichen Überreste bergen können.;;Tu desafortunado predecesor ha perecido vagando por las pasadizos secretos dentro del castillo y sólo ahora te las has arreglado para recuperar el cuerpo..;;;;;;;;;x
secpas7opt1;Arrange for the remains to be interred quietly somewhere in the castle grounds. ;Prendre des dispositions pour que les restes soient discrètement enterrés quelque part sur les terres du château.;Die Überreste sang- und klanglos irgendwo auf dem Burggelände bestatten.;;Hacer arreglos para que los restos sean enterrados en silencio en algún lugar en los terrenos del castillo..;;;;;;;;;x
secpas7opt2;Arrange for a proper funeral and burial service to pay your final respects. ;Organiser des funérailles convenables et un service funéraire pour rendre un dernier hommage.;Eine angemessene Beerdigung durchführen um ihm die letzte Ehre zu erweisen.;;Hacer arreglos para un funeral y enterramiento adecuados para prestar tus últimos respetos..;;;;;;;;;x
secpas7opt2tooltip;This option available because you have built the §YChapel§!. ;Cette option est disponible car vous avez construit la §YChapelle§!.;Ihr habt diese Option, da Ihr eine §YKapelle§! gebaut habt.;;Esta opción esta disponible porque has construido la §YCapilla§!..;;;;;;;;;x
EVTDESCSECPAS8;Against better judgement, you have decided to hold a small feast. After the inevitable drunken brawl and revelling, you decide to take the secret passages back to your chambers to avoid having to talk to your guests. Suddenly, you hear a distinctly familiar voice whispering just outside the passageway. ;Contre meilleur jusgement, vous avez organisé une petite fête. Après les inévitables scènes d'ivrognes ou de débauches, vous prenez les passages secrets pour retourner dans votre chambre, mais surtout pour éviter de parler à vos invités. Soudain, vous entendez une voie familière chuchotant à votre passage.;Wider besseren Wissens, habt Ihr Euch dafür entschieden, ein kleines Gelage abzuhalten. Nach den unvermeidlichen versoffenen Schlägereien und Zechereien, entscheiden Ihr Euch, den Geheimgang zurück zu Eurem Gemach zu nutzen, um zu vermeiden, Euch mit Euren Gäste unterhalten zu müssen. Plötzlich hört Ihr eine eindeutig vertraute Stimme außerhalb des Durchganges flüstern.;;Contra todo juicio, has decidido celebrar una pequeña fiesta. Después de la pelea inevitable de borrachos y deleitándose, decides tomar los pasajes secretos de regreso a tus cámaras para evitar tener que hablar con los invitados. De repente, se oye una voz claramente familiar susurrando justo afuera de la vía de paso.;;;;;;;;;x
secpas8opt;Who could that be? ;Qui se trouve là ?;Wer könnte das bloß sein?;;¿Quién puede ser?;;;;;;;;;x
EVTDESCSECPAS10;You listen closely and are shocked to hear [From.GetTitledFirstName]'s voice. Even more shocking are the details of [From.GetHerHis] plan to [From.GetPlot]. You steal quietly away from the scene and contemplate what you will do with this information.;Vous écoutez attentivement et êtes choqué non seulement d'entendre la voix de [From.GetTitledFirstName], mais surtout les détails de son plan pour [From.GetPlot]. Vous vous éloignez discrètement des lieux et réfléchissez à ce que vous allez faire de cette information.;;Ihr hört angestrengt zu und seid schockiert, als Ihr die Stimme von [From.GetTitledFirstName] erkennen könnt. Noch erschütternder ist allerdings, was  [From.GetTitledFirstName] zu tun gedenkt … er will [From.GetPlot]. Ihr schleicht Euch still und heimlich davon und überlegt, was Ihr mit diesen Informationen zu tun gedenkt.;;Escuchas con atención y te sorprendes al escuchar la voz de [From.GetTitledFirstName]. Aún más sorprendente son los detalles de el plan de [From.GetHerHis] para [From.GetPlot]. Te vas tranquilamente lejos de la escena contemplando que es lo que vas a hacer con esa información..;;;;;;;;;x
secpas10opt;A most interesting development. ;Une évolution intéressante.;Eine interessante Entwicklung.;;Un plan muy interesante..;;;;;;;;;x
EVTDESCSECPAS11;One night, after returning from your study, you decide to take a shortcut through the secret passages to get to your chambers. Suddenly, you hear a familiar voice speaking quietly on the other side of the wall.;Une nuit, de retour de votre bureau, vous prenez un raccourci via les passages secrets pour retourner à votre chambre. Soudain, une voie calme et familière parvient à vos oreilles de l'autre côté du mur.;Eines Nachts, nachdem Ihr von Euren Studien zurückkehrt, beschließt Ihr die Abkürzung durch die Geheimgänge zu nehmen um zu Euren Gemächern zu gelangen. Plötzlich hört Ihr eine vertraute Stimme von der anderen Seite der Wand.;;Una noche, después de regresar de tu estudio, decides tomar un atajo a través de los pasadizos secretos para llegar a tus cámaras. De repente, se oye una voz familiar que habla en voz baja en el otro lado de la pared.;;;;;;;;;x
secpas11opt;I wonder who that could be. ;Je me demande qui pourrait à cette heure-ci...;Ich frage mich, wer das ist …;;Me pregunto quién podría ser.;;;;;;;;;x
EVTDESCSECPAS13;Listening closely, you recognize [From.GetFirstName]'s voice! Even more surprising is [From.GetHerHis] conversation. It seems [From.GetSheHe] is planning to [From.GetPlot]. You quietly stand up and make your way back to your chambers, mulling over this new information. ;En écoutant attentivement, vous reconnaissez la voie de [From.GetFirstName]. Son sujet de conversation est par contre surprenant. Il semble qu'[From.GetSheHe] prévoit de [From.GetPlot]. Vous vous éloignez doucement et retournez à votre chambre, ressassant cette nouvelle information.;Als Ihr genauer zuhört, erkennt Ihr [From.GetFirstName]'s Stimme wieder. Überraschend ist allerdings, was [From.GetSheHe] zu bereden hat. Es scheint, als wolle [From.GetSheHe] [From.GetPlot]. Ihr macht Euch leise wieder auf den Weg zurück zu Eurern Gemächern, während Ihr über diese neuen Informationen nachdenkt.;;Escuchas de cerca, y reconoces la voz de [From.GetFirstName]. Aún más sorprendente es la conversación de [From.GetHerHis]. Parece que [From.GetSheHe] está planeando [From.GetPlot].Tranquilamente regresas a tus aposentos, reflexionando sobre esa nueva información..;;;;;;;;;x
secpas13opt;Interesting. ;Intéressant...;Höchst interessant …;;Interesante..;;;;;;;;;x
EVTDESCPEROBS4;Late one night, you wake up [From.GetFirstName] to take [From.GetHerHim] up to the observatory to do some stargazing. Suddenly, a flash of light in the night sky catches your attention. It is exactly what you think it is: a comet. ;Tard dans la nuit, vous réveillez [From.GetFirstName] et allez ensemble jusqu'à l'observatoire afin de vérifier vos prévisions. Soudain, un trait de lumière dans le ciel étoilé attire votre regard. C'est exactement ce que vous pensiez : une comète.;Spät in der Nacht, weckt Ihr [From.GetFirstName] damit [From.GetSheHe] Euch hoch zum Observatorium bringt, um mit euch die Sternen zu deuten. Plötzlich weckt ein helles Licht am Nachthimmel Eure Aufmerksamkeit. Es ist genau das, was Ihr denkt, das es ist: ein Schweifstern.;;Una noche, despiertas a [From.GetFirstName] para llevar a [From.GetHerHim] hasta el observatorio para hacer un poco de observación de las estrellas. De repente, un destello de luz en el cielo de la noche te llama la atención. Es exactamente lo que piensas que es: un cometa.;;;;;;;;;x
perobs4opt1;Tell your ward it's a sign of the end times and [From.GetSheHe] is doomed. ;Dîtes à votre acolyte qu'il s'agit d'un signe de la fin des temps et qu'une qu'une malédiction s'est abattue sur [From.GetHerHim].;Eurem Mündel sagen, dass dies ein Zeichen der Endzeit ist und dass [From.GetSheHe] dem Untergang geweiht ist.;;Le dices a tu pupilo que es un signo de los tiempos finales y que [From.GetSheHe] está condenado.;;;;;;;;;x
perobs4opt2;It's just a star in the sky, see? ;C'est juste une étoile dans le ciel, voyez-vous ?;Es ist nur ein Stern hoch oben am Himmelszelt, siehst du?;;Es sólo una estrella en el cielo, ¿ves?;;;;;;;;;x
perobs4opt3;Go to the library and look up the comet's position in your star charts. ;Allez à la bibliothèque pour rechercher la position de la comète dans vos cartes du ciel.;Zur Bibliothek gehen und die Position des Schweifsterns in Euren Sternenkarten nachschlagen.;;Ve a la biblioteca y busca la posición de la cometa en las cartas estelares.;;;;;;;;;x
perobs4opt4;Take your ward to the chapel to pray for salvation. ;Emmenez votre acolyte à la chapelle et priez pour obtenir le salut.;Euren Mündel in die Kapelle mitnehmen, um für Erlösung zu beten.;;Lleva a tu pupilo a la capilla para rezar por la salvación..;;;;;;;;;x
perobs4opt4tooltip;This option is available because you are §Yzealous§! and have a §YChapel§! ;Cette option est disponible parce que vous êtes §Yzélé§! et avez une §YChapelle§!;Ihr habt diese Option, da Ihr ein §YReligiöser Eiferer§! seid und eine §YKapelle§! gebaut habt. ;;Esta opción está disponible porque eres §YFanatico§! y tienes una §YCapilla§!;;;;;;;;;x
perobs4opt5;Nothing to see here, off to bed you go. ;Rien à voir ici, retournez vous coucher.;Nichts zu sehen, ab ins Bett mit dir.;;No hay nada que ver aquí, vete a la cama.;;;;;;;;;x
EVTDESCPEROBS5;It seems that [FromFrom.GetFirstName] has become cynical and finds superstition and religion to be a farce. ;[FromFrom.GetFirstName] semble être devenu cynique et trouve que les superstitions et la religion sont une farce.;Es scheint, als wäre [FromFrom.GetFirstName] zynisch geworden, [From.GetSheHe] hält Aberglaube und Religion für lächerlich.;;Parece que [FromFrom.GetFirstName] se ha convertido en cínico y encuentra a la superstición y a la religión como una farsa.;;;;;;;;;x
perobs5opt;I see. ;Je comprends.;Ich verstehe.;;Ya veo..;;;;;;;;;x
EVTDESCPEROBS6;It seems that [FromFrom.GetFirstName] has become overly trusting. This may not prove to be beneficial in the long run. ;[FromFrom.GetFirstName] semble être devenu trop confiant. Cela pourrait s'avérer néfaste sur le long terme.;Es scheint, als wäre [FromFrom.GetFirstName] allzu vertrauensvoll geworden. Dies dürfte sich auf lange Sicht nicht als vorteilhaft herausstellen.;;Parece que [FromFrom.GetFirstName] se ha convertido en confiado. Esto puede no resultar beneficioso para el a largo plazo.;;;;;;;;;x
perobs6opt;I see. ;Je comprends.;Ich verstehe.;;Ya veo..;;;;;;;;;x
exotic_plant_ca_garden;Dragon's Blood Plant;Dragonnier de Socotra;Drachenblutgewächs;;Planta de Sangre de Dragón.;;;;;;;;;x
exotic_plant_ca_garden_courtier;Exotic Plant;Plante exotique;Exotische Pflanze;;Planta exótica.;;;;;;;;;x
uneasy_dinner_convo_wife_negative;Humiliated;Humilié...;Gedemütigt;;Humillado.;;;;;;;;;x
uneasy_dinner_convo_wife_positive;Acknowledged Error;Reconnaitre l'erreur.;Eingestandener Fehler;;Error reconocido.;;;;;;;;;x
uneasy_dinner_convo_knight_positive;Noble Ruler;Noble souverain;Edler Herrscher;;Gobernante Noble.;;;;;;;;;x
random_imprisonment_ypc;Tyrant;Tyran !;Tyrann;;Tirano.;;;;;;;;;x
