#CODE;ENGLISH;FRENCH;GERMAN;;SPANISH;;;;;;;;;x;,,,,,,,,,,
## MODIFIERS - OPINION, CHARACTER, PROVINCE ETC. ##
# OPINION #,,,,,,,,,,
opinion_robmodnorse_oathhonour;Nominated me an Oathsman;Nommé moi un homme assermenté;Nominiert mich ein Eidmann;;Me nominó como juramentador;;;;;;;;;x,,,,,,,,,,
opinion_robmodnorse_sisterhonour;Nominated me a Sister of Frigg;Nommé moi une soeur de Frigg;Nominiert mich eine Schwester von Frigg;;Me nominó a una Hermana de Frigg;;;;;;;;;x,,,,,,,,,,
opinion_robmodnorse_disgrace;Failed me in the Trials of Thor;Je me suis échoué dans les procès de Thor;Ich habe mich in den Prüfungen von Thor versagt;;Me falló en los juicios de Thor;;;;;;;;;x,,,,,,,,,,
opinion_robmodnorse_disgrace_son;Failed me in the Trials of Thor;Je me suis échoué dans les procès de Thor;Ich habe mich in den Prüfungen von Thor versagt;;Me falló en los juicios de Thor;;;;;;;;;x,,,,,,,,,,
opinion_robmodnorse_attempted_heal;Attempted to heal me;Tentative de me guérir;Versuchte mich zu heilen;;Trató de curarme;;;;;;;;;x,,,,,,,,,,
opinion_robmodnorse_healed_me;Healed me of an illness;J'ai guéri d'une maladie;Heilte mich von einer Krankheit;;Me curó de una enfermedad;;;;;;;;;x,,,,,,,,,,
opinion_robmodnorse_forced_potion;Experimented on me!;Expérimenté sur moi!;Erfahren an mir!;;Experimentado en mí!;;;;;;;;;x,,,,,,,,,,
norse_pagan_reformed_opinion;Beyð opinion;Beyð opinion;Beyð Meinung;;Opinión de Beyð;;;;;;;;;x,,,,,,,,,,
opinion_robmodnorse_taught_me_swordfighting;Taught me swordfighting;M'a appris l'épée;Lehre mich Schwertkampf;;Luchó bien en el Torneo de Campeones;;;;;;;;;x,,,,,,,,,,
opinion_robmodnorse_tournament_fought_well;Fought well at the Champion's Tournament;Combatté bien au Tournoi des Champions;Im Champions-Turnier gut gekämpft;;Me enseñó a luchar contra la espada;;;;;;;;;x,,,,,,,,,,
opinion_robmodnorse_tournament_won;Champion: won the Champion's Tournament;Champion: remporte le Tournoi des Champions;Champion: gewann das Champions-Turnier;;Campeón: ganó el Torneo de Campeones;;;;;;;;;x,,,,,,,,,,
opinion_robmodnorse_godslaws;Wrote the Godslaws;Écrit les lois des Dieux;Schrieb die Gesetze der Götter;;Escribió las leyes de los dioses;;;;;;;;;x,,,,,,,,,,
opinion_robmodnorse_godslaws_hate;Wrote the so-called Godslaws;Écrit les lois des Dieux;Schrieb die Gesetze der Götter;;Escribió las leyes de los dioses;;;;;;;;;x,,,,,,,,,,
# CHARACTER #,,,,,,,,,,
robmodnorse_orderedoathsman;Supporting an Oathseeker;Soutenir un demandeur de serment;Unterstützung eines Eidensuchers;;Apoyando a un buscador de juramento;;;;;;;;;x,,,,,,,,,,
robmodnorse_orderedoathsman_desc;[GetTitledFirstName] has sent an Oathseeker to the Eiðrahöll (Oathshall), and is supporting him in attempting the Þorfreista (Trials of Thor);[GetTitledFirstName] a envoyé un demandeur de serment à l'Eiðrahöll, et le soutient en essayant le Þorfreista (essais de Thor);[GetTitledFirstName] hat einen Eidensucher an die Eiðrahöll geschickt und unterstützt ihn beim Versuch, die Þorfreista (Versuche von Thor);;[GetTitledFirstName] ha enviado un buscador de juramento al Eiðrahöll, y lo está apoyando en el intento de la Þorfreista (pruebas de Thor);;;;;;;;;x,,,,,,,,,,
robmodnorse_orderedfriggsister;Supporting a Friggseeker;Soutenir un chercheur Frigg;Unterstützung eines Frigg-Suchers;;Apoyo a un buscador de Frigg;;;;;;;;;x,,,,,,,,,,
robmodnorse_orderedfriggsister_desc;[GetTitledFirstName] has sent a maid to the Frigghöll (The Hall of Frigg), and is supporting her in learning to become a sister of Frigg;[GetTitledFirstName] a envoyé une femme de chambre au Frigghöll (la salle de Frigg) et la soutient en apprenant à devenir une soeur de Frigg;[GetTitledFirstName] hat eine Magd an die Frigghöll (die Halle von Frigg) geschickt und unterstützt sie dabei, eine Schwester von Frigg zu werden;;[GetTitledFirstName] ha enviado una criada a la Frigghöll (la sala de Frigg), y está apoyándola en el aprendizaje para convertirse en una hermana de Frigg;;;;;;;;;x,,,,,,,,,,
expelled_d_thorshammers;Expelled the Hammers of Thor;Expulsé les marteaux de Thor;Vertrieben die Hämmer von Thor;;Expulsó los martillos de Thor;;;;;;;;;x,,,,,,,,,,
expelled_d_thorshammers_desc;[GetTitledFirstName] expelled the Hammers of Thor from [GerHerHis] realm and claimed all their titles;[GetTitledFirstName] a expulsé les Hammers of Thor du roger [GerHerHis] et a revendiqué tous ses titres;[GetTitledFirstName] vertrieben die Hämmer von Thor aus [GerHerHis] Reich und behaupteten alle ihre Titel;;[GetTitledFirstName] expulsó a los martillos de Thor del reino de [GerHerHis] y reclamó todos sus títulos;;;;;;;;;x,,,,,,,,,,
robmod_norse_wartonic;War-tonic;Tonic de guerre;Kriegstöner;;Tónico de guerra;;;;;;;;;x,,,,,,,,,,
robmod_norse_wartonic_desc;[GetTitledFirstName] received a potion from a Sister of Frigg which improves [GetHerHis] skill in battle, but makes [GetHerHim] short-tempered and prone to illness;[GetTitledFirstName] a reçu une potion d'une soeur de Frigg qui améliore les compétences de [GetHerHis] dans le combat, mais rend [GetHerHim] peu tempéré et enclin à la maladie;[GetTitledFirstName] erhielt einen Trank von einer Schwester von Frigg, die [GetHerHis] Geschicklichkeit im Kampf verbessert, aber macht [GetHerHim] kurz-tempered und anfällig für Krankheit;;[GetTitledFirstName] recibió una poción de una hermana de Frigg que mejora la habilidad de [GetHerHis] en la batalla, pero hace [GetHerHim] de mal genio y propenso a la enfermedad;;;;;;;;;x,,,,,,,,,,
robmod_norse_sweet_salve;Sweet salve;Gousse sucrée;Süße Salbe;;Dulce salve;;;;;;;;;x,,,,,,,,,,
robmod_norse_sweet_salve_desc;[GetTitledFirstName] received a salve from a Sister of Frigg, imbued with the power of Freyja, the Goddess of love, sex and fertility. People find [GetHerHim] irresistible when [GetSheHe] wears it, but [GetSheHe] doesn't half smell girly.;[GetTitledFirstName] a reçu un pommade d'une soeur de Frigg, imprégnée du pouvoir de Freyja, déesse de l'amour, du sexe et de la fertilité. Les gens trouvent [GetHerHim] irrésistible quand [GetSheHe] le porte, mais [GetSheHe] ne sent pas à demi à l'envers.;[GetTitledFirstName] erhielt eine Salbe von einer Schwester von Frigg, die mit der Kraft von Freyja, der Göttin der Liebe, des Geschlechts und der Fruchtbarkeit, erfüllt war. Die Leute finden [GetHerHim] unwiderstehlich, wenn [GetSheHe] es trägt, aber [GetSheHe] nicht halb riechen girly.;;[GetTitledFirstName] recibió un bálsamo de una Hermana de Frigg, imbuido del poder de Freyja, la Diosa del amor, el sexo y la fertilidad. La gente encuentra [GetHerHim] irresistible cuando [GetSheHe] la usa, pero [GetSheHe] no huele a medio femenino.;;;;;;;;;x,,,,,,,,,,
robmod_norse_sniff;Sniffing vapours;Vapeurs de reniflard;Sniffing Dämpfe;;Vapores olfativos;;;;;;;;;x,,,,,,,,,,
robmod_norse_sniff_desc;[GetTitledFirstName] received a bottle of sniffing vapours from a Sister of Frigg. It helps [GetHerHim] to concentrate, but [GetSheHe] gets frequent headaches and is constantly irritable.;[GetTitledFirstName] a reçu une bouteille de vapeurs reniflantes d'une soeur de Frigg. Cela aide [GetHerHim] à se concentrer, mais [GetSheHe] a des maux de tête fréquents et est constamment irritable.;[GetTitledFirstName] erhielt eine Flasche Sniffing Dämpfe von einer Schwester von Frigg. Es hilft [GetHerHim] zu konzentrieren, aber [GetSheHe] bekommt häufige Kopfschmerzen und ist immer gereizt.;;[GetTitledFirstName] recibió una botella de olor de vapores de una hermana de Frigg. Ayuda a [GetHerHim] a concentrarse, pero [GetSheHe] recibe frecuentes dolores de cabeza y está constantemente irritable.;;;;;;;;;x,,,,,,,,,,
robmod_norse_crystals;Seeing crystal;Voir cristal;Kristall sehen;;Viendo el cristal;;;;;;;;;x,,,,,,,,,,
robmod_norse_crystals_desc;[GetTitledFirstName] received a crystal from a Sister of Frigg which glows when someone means to do [GetHerHim] harm. Whenever [GetSheHe] holds it however, [GetSheHe] gets headaches and becomes irritable.;[GetTitledFirstName] a reçu un cristal d'une Soeur de Frigg qui s'illumine quand quelqu'un veut faire du mal [GetHerHim]. Chaque fois que [GetSheHe] le retient, [GetSheHe] obtient des maux de tête et devient irritable.;[GetTitledFirstName] erhielt einen Kristall von einer Schwester von Frigg, die leuchtet, wenn jemand bedeutet, [GetHerHim] Schaden zu tun. Wann immer [GetSheHe] es aber hält, bekommt [GetSheHe] Kopfschmerzen und wird reizbar.;;[GetTitledFirstName] recibió un cristal de una Hermana de Frigg que brilla cuando alguien quiere hacer daño [GetHerHim]. Sin embargo, [GetSheHe] lo tiene sin embargo, [GetSheHe] tiene dolores de cabeza y se vuelve irritable.;;;;;;;;;x,,,,,,,,,,
robmod_norse_hat;Hat of Kvasir;Chapeau de Kvasir;Hut von Kvasir;;Sombrero de Kvasir;;;;;;;;;x,,,,,,,,,,
robmod_norse_hat_desc;[GetTitledFirstName] received a white hat from a Sister of Frigg which is blessed by Kvasir, the God of wisdom and poetry. A fine article indeed, but wearing it makes [GetHerHim] feel lethargic.;[GetTitledFirstName] a reçu un chapeau blanc d'une soeur de Frigg qui est bénie par Kvasir, le dieu de la sagesse et de la poésie. Un bel article en effet, mais le porter fait que [GetHerHim] se sent léthargique.;[GetTitledFirstName] erhielt einen weißen Hut von einer Schwester von Frigg, die von Kvasir, dem Gott der Weisheit und der Poesie gesegnet wird. Ein guter Artikel in der Tat, aber das Tragen macht es [GetHerHim] fühlen sich lethargisch.;;[GetTitledFirstName] recibió un sombrero blanco de una Hermana de Frigg que es bendecida por Kvasir, el Dios de la sabiduría y la poesía. Un buen artículo en efecto, pero usarlo hace que [GetHerHim] se sienta letárgico.;;;;;;;;;x,,,,,,,,,,
robmodnorse_hrafnhylli;Hrafn-Hylli;Hrafn-Hylli;Hrafn-Hylli;;Hrafn-Hylli;;;;;;;;;x,,,,,,,,,,
robmodnorse_hrafnhylli_desc;[GetTitledFirstName] tames wild ravens, and is considered to have the Hrafn-Hylli ('raven's blessing');[GetTitledFirstName] tames les corbeaux sauvages, et est considéré comme ayant le Hrafn-Hylli ('bénédiction du corbeau');[GetTitledFirstName] zäht wilde Raben und gilt als Hrafn-Hylli ("Rabensegen");;[GetTitledFirstName] ama a los cuervos salvajes, y se considera que tiene el Hrafn-Hylli ('la bendición del cuervo');;;;;;;;;x,,,,,,,,,,
robmodnorse_seidrmadr;Seiðmaðr;Seiðmaðr;Seiðmaðr;;Seiðmaðr;;;;;;;;;x,,,,,,,,,,
robmodnorse_seidrmadr_desc;[GetTitledFirstName] is practiced in seiðr - the art of sorcery, and the Goða approve.;[GetTitledFirstName] est pratiqué dans seiðr - l'art de la sorcellerie, et le Goða approuve.;[GetTitledFirstName] wird in seiðr praktiziert - die Kunst der Zauberei, und die Goða genehmigen.;;[GetTitledFirstName] se practica en seiðr - el arte de la brujería, y el Goða aprueba.;;;;;;;;;x,,,,,,,,,,
robmodnorse_seidrkona;Seiðkona;Seiðkona;Seiðkona;;Seiðkona;;;;;;;;;x,,,,,,,,,,
robmodnorse_seidrkona_desc;[GetTitledFirstName] is practiced in seiðr - the art of sorcery. The Goða approve, and the men are desperate to find out if her magical abilities extend to the bedchamber...;[GetTitledFirstName] est pratiqué dans seiðr - l'art de la sorcellerie. Les Goða approuvent, et les hommes sont désespérés de savoir si ses capacités magiques s'étendent à la chambre...;[GetTitledFirstName] wird in seiðr praktiziert - die Kunst der Zauberei. Die Goða genehmigen, und die Männer sind verzweifelt, um herauszufinden, ob ihre magischen Fähigkeiten sich auf die Schlafkammer erstrecken ...;;[GetTitledFirstName] se practica en seiðr - el arte de la brujería. El Goða aprueba, y los hombres están desesperados para averiguar si sus habilidades mágicas se extienden hasta el dormitorio ...;;;;;;;;;x,,,,,,,,,,
robmodnorse_seidrasst;Seið-Þræll;Seið-Þræll;Seið-Þræll;;Seið-Þræll;;;;;;;;;x,,,,,,,,,,
robmodnorse_seidrasst_desc;[GetTitledFirstName] has taken a Seið-Þræll (Sorcerer's Thrall), a woman practiced in magic who performs the more feminal elements of the rituals.;[GetTitledFirstName] a pris un Seið-Þræll (esclave du sorcier), une femme pratiquée en magie qui effectue les éléments plus féminins des rituels.;[GetTitledFirstName] hat eine Seið-Þræll (Zauberer-Thriller) genommen, eine Frau, die in Magie praktiziert wird, die die feminalen Elemente der Rituale durchführt.;;[GetTitledFirstName] ha tomado un Seið-Þræll (esclavo del hechicero), una mujer practicada en la magia que realiza los elementos más femeninos de los rituales.;;;;;;;;;x,,,,,,,,,,
robmodnorse_cursed;Cursed?;Maudit?;Verflucht?;;¿Maldito?;;;;;;;;;x,,,,,,,,,,
robmodnorse_cursed_desc;Rumours abound that [GetTitledFirstName] is cursed - hard to prove, but people try to steer clear all the same.;Les rumeurs abondent que [GetTitledFirstName] est maudit - difficile à prouver, mais les gens essaient de se limiter tout de même.;Gerüchte sind im Überfluss, dass [GetTitledFirstName] verflucht ist - schwer zu beweisen, aber die Leute versuchen, das Gleiche zu lenken.;;Los rumores abundan que [GetTitledFirstName] es maldecido - difícil de probar, pero la gente trata de dirigir claro de todos modos.;;;;;;;;;x,,,,,,,,,,
robmodnorse_cursed_infertile_1;Not tonight...;Pas ce soir...;Nicht heute Nacht...;;No esta noche...;;;;;;;;;x,,,,,,,,,,
robmodnorse_cursed_infertile_1_desc;For reasons unknown, [GetTitledFirstName] just can't go through with the physical act of love. Even on the exceedingly rare occasion 'it' happens, there is no chance of anything coming of it.. so to speak. There are some that say [GetSheHe] has been cursed...;Pour des raisons inconnues, [GetTitledFirstName] ne peut pas passer par l'acte physique d'amour. Même sur l'occasion extrêmement rare, «il» arrive, il n'y a aucune chance de rien en venir ... pour ainsi dire. Il y en a qui disent que [GetSheHe] a été maudit ...;Aus unbekannten Gründen kann [GetTitledFirstName] einfach nicht mit dem physischen Akt der Liebe durchgehen. Sogar auf der außerordentlich seltenen Gelegenheit 'es' passiert, gibt es keine Chance, irgendetwas davon zu kommen .. sozusagen. Es gibt einige, die sagen, [GetSheHe] wurde verflucht ...;;Por razones desconocidas, [GetTitledFirstName] simplemente no puede pasar con el acto físico de amor. Incluso en la muy rara ocasión "sucede", no hay ninguna posibilidad de que algo salga de ella ... por así decirlo. Hay algunos que dicen que [GetSheHe] ha sido maldecido ...;;;;;;;;;x,,,,,,,,,,
robmodnorse_cursed_infertile_2;Impotent;Impuissant;Impotent;;Impotente;;;;;;;;;x,,,,,,,,,,
robmodnorse_cursed_infertile_2_desc;It's unclear why, but [GetTitledFirstName] struggles in the bedchamber. And even on the rare occasion 'it' does happen, it's unlikely anything will come of it.. so to speak. There are some that say [GetSheHe] has been cursed...;On ne sait pas pourquoi, mais [GetTitledFirstName] se débat dans la chambre. Et même dans les rares occasions, "ça" arrive, il est peu probable que tout en soit. Par exemple. Il y en a qui disent que [GetSheHe] a été maudit ...;Es ist unklar, warum, aber [GetTitledFirstName] kämpft in der Schlafkammer. Und selbst bei der seltenen Gelegenheit 'es' passiert, ist es unwahrscheinlich, dass irgendetwas davon kommen wird. Sozusagen. Es gibt einige, die sagen, [GetSheHe] wurde verflucht ...;;No está claro por qué, pero [GetTitledFirstName] lucha en el dormitorio. E incluso en la rara ocasión "sucede", es improbable que algo salga de ello ... por así decirlo. Hay algunos que dicen que [GetSheHe] ha sido maldecido ...;;;;;;;;;x,,,,,,,,,,
robmodnorse_cursed_unpopular;Fits of madness;Faces de folie;Passt zum wahnsinn;;Se adapta a la locura;;;;;;;;;x,,,,,,,,,,
robmodnorse_cursed_unpopular_desc;[GetTitledFirstName] has spells where [GetSheHe] goes entirely mad - running around shouting obscenities, and worse. There are some that say [GetSheHe] has been cursed...;[GetTitledFirstName] a des sorts où [GetSheHe] devient complètement en colère - courir autour de crier des obscénités, et pire. Il y en a qui disent que [GetSheHe] a été maudit ...;[GetTitledFirstName] hat Zaubersprüche, wo [GetSheHe] ganz verrückt geht - herumlaufen, um Obszönitäten zu schreien, und noch schlimmer. Es gibt einige, die sagen, [GetSheHe] wurde verflucht ...;;[GetTitledFirstName] tiene hechizos en los que [GetSheHe] se vuelve completamente loco - corriendo gritando obscenidades, y peor aún. Hay algunos que dicen que [GetSheHe] ha sido maldecido ...;;;;;;;;;x,,,,,,,,,,
robmodnorse_cursed_illness;Prone to illness;Prone à la maladie;Anfällig für Krankheit;;Propenso a la enfermedad;;;;;;;;;x,,,,,,,,,,
robmodnorse_cursed_illness_desc;No-one can seem to get to the bottom of it, but [GetTitledFirstName] just gets ill a lot more than other people. There are some that say [GetSheHe] has been cursed...;Personne ne semble en arriver au bas, mais [GetTitledFirstName] ne fait que s'améliorer beaucoup plus que les autres. Il y en a qui disent que [GetSheHe] a été maudit ...;Niemand kann scheinen, auf den Grund zu kommen, aber [GetTitledFirstName] wird nur viel mehr als andere Leute krank. Es gibt einige, die sagen, [GetSheHe] wurde verflucht ...;;Nadie puede parecer llegar al fondo de la misma, pero [GetTitledFirstName] sólo se enferma mucho más que otras personas. Hay algunos que dicen que [GetSheHe] ha sido maldecido ...;;;;;;;;;x,,,,,,,,,,
robmodnorse_raised_oathsmen;Raised the Oathsmen;Élevé les homme assermenté;Hob die Eidmanner;;Levantó a los juramentadores;;;;;;;;;x,,,,,,,,,,
robmodnorse_raised_oathsmen_desc;As is [GetHerHis] right, [GetTitledFirstName] raised the Eiðmenn to defend the realm of Miðgarðr. [GetSheHeCap] will not be able to do this again until the Oathsmen have regrouped (when this modifier expires).;Comme c'est [GetHerHis] à droite, [GetTitledFirstName] a soulevé l'Eiðmenn pour défendre le domaine de Miðgarðr. [GetSheHeCap] ne pourra plus le faire jusqu'à ce que les Oathsmen se soient regroupés (lorsque ce modificateur expire).;Wie ist [GetHerHis] richtig, [GetTitledFirstName] hob die Eiðmenn, um das Reich von Miðgarðr zu verteidigen. [GetSheHeCap] wird das nicht wieder tun können, bis die Oathsmen sich umgruppiert haben (wenn dieser Modifikator abläuft).;;Como es [GetHerHis] derecho, [GetTitledFirstName] planteó el Eiðmenn para defender el reino de Miðgarðr. [GetSheHeCap] no podrá hacer esto de nuevo hasta que los Oathsmen se hayan reagrupado (cuando este modificador expire).;;;;;;;;;x,,,,,,,,,,
robmodnorse_lavish_shrine;Lavish shrine;Sanctuaire luxueux;Großer Schrein;;Santuario pródigo;;;;;;;;;x,,,,,,,,,,
robmodnorse_lavish_shrine_desc;[GetTitledFirstName] dedicated a lavish personal shrine to [GetHerHis] chosen pantheon of Gods, winning the respect of all (especially the Goðis).;[GetTitledFirstName] a consacré un somptueux sanctuaire personnel à [GetHerHis] élu panthéon des dieux, en gagnant le respect de tous (surtout les Goðis).;[GetTitledFirstName] widmete einen großzügigen persönlichen Schrein zu [GetHerHis] gewähltes Pantheon der Götter und gewann den Respekt aller (vor allem der Goðis).;;[GetTitledFirstName] dedicó un lujoso santuario personal a [GetHerHis] elegido el panteón de los dioses, ganando el respeto de todos (especialmente el Goðis).;;;;;;;;;x,,,,,,,,,,
robmodnorse_cheap_shrine;Shoddy shrine;Pauvre sanctuaire;Schlechter Schrein;;Pobre santuario;;;;;;;;;x,,,,,,,,,,
robmodnorse_cheap_shrine_desc;The shrine [GetTitledFirstName] dedicated to [GetHerHis] chosen pantheon of Gods is already falling apart. Hardly an impressive declaration of piety.;Le sanctuaire [GetTitledFirstName] consacré à [GetHerHis] choisi le panthéon des dieux se déchire déjà. À peine une impressionnante déclaration de piété.;Der Schrein [GetTitledFirstName] gewidmet [GetHerHis] gewähltes Pantheon der Götter ist bereits auseinander. Kaum eine eindrucksvolle Frömmigkeitserklärung.;;El santuario [GetTitledFirstName] dedicado a [GetHerHis] elegido panteón de los dioses ya está cayendo a pedazos. Apenas una impresionante declaración de piedad.;;;;;;;;;x,,,,,,,,,,
robmodnorse_shoddy_potion;Shoddy potion;Potion de mauvaise humeur;Schäbiger Trank;;Schäbiger Trank;;;;;;;;;x,,,,,,,,,,
robmodnorse_shoddy_potion_desc;[GetTitledFirstName] drank a potion that had not been prepared properly, and is spending a lot of time 'attending to chamber business'...;[GetTitledFirstName] a bu une potion qui n'avait pas été préparée correctement et passe beaucoup de temps à «s'occuper des affaires de chambre» ...;[GetTitledFirstName] trank einen Trank, der nicht ordnungsgemäß vorbereitet war, und verbringt viel Zeit, um das Kammergeschäft zu besuchen ...;;[GetTitledFirstName] bebió una poción que no había sido preparada adecuadamente, y está pasando mucho tiempo 'asistiendo al negocio de la cámara' ...;;;;;;;;;x,,,,,,,,,,
robmodnorse_potions;Potion brewer;Potion brewer;Trankbrauer;;Cervecero de pociones;;;;;;;;;x,,,,,,,,,,
robmodnorse_potions_desc;[GetTitledFirstName] has learned the art of crafting all sorts of magical potions with a variety of beneficial effects;[GetTitledFirstName] a appris l'art de créer toutes sortes de potions magiques avec une variété d'effets bénéfiques;[GetTitledFirstName] hat die Kunst des Handwerks aller Arten von magischen Tränken mit einer Vielzahl von positiven Auswirkungen gelernt;;[GetTitledFirstName] ha aprendido el arte de elaborar todo tipo de pociones mágicas con una variedad de efectos beneficiosos;;;;;;;;;x,,,,,,,,,,
robmodnorse_helping_oathsmen;Diverting men to the Oathsmen;Donner des hommes aux serments d'hommes;Umkehrung der Männer zu den Eiden Männer;;Desviar a los hombres a los juramentos;;;;;;;;;x,,,,,,,,,,
robmodnorse_helping_oathsmen_desc;[GetTitledFirstName] is sending men to help the Oathsmen defend the realm. A pious act, but reduces [GetHerHis] available manpower;[GetTitledFirstName] envoie des hommes pour aider les Oathsmen à défendre le royaume. Un acte pieux, mais réduit [GetHerHis] la main-d'œuvre disponible;[GetTitledFirstName] sendet Männer, um den Oathsmen zu helfen, das Reich zu verteidigen. Ein frommer Akt, aber reduziert [GetHerHis] verfügbare Arbeitskräfte;;[GetTitledFirstName] está enviando hombres para ayudar a los Juramentadores a defender el reino. Un acto piadoso, pero reduce [GetHerHis] mano de obra disponible;;;;;;;;;x,,,,,,,,,,
robmodnorse_learnt_swordfighting;Learnt swordmanship;Apprendre l'épée;Lerne Schwertkunst;;Aprenda la esgrima;;;;;;;;;x,,,,,,,,,,
robmodnorse_learnt_swordfighting_desc;[GetTitledFirstName] received tutelage in personal combat from a skilled duelist;[GetTitledFirstName] a reçu une tutelle dans un combat personnel à partir d'un duelist qualifié;[GetTitledFirstName] erhielt Vormundschaft im persönlichen Kampf von einem erfahrenen Duellanten;;[GetTitledFirstName] recibió la tutela en combate personal de un talentoso duelista;;;;;;;;;x,,,,,,,,,,
robmodnorse_won_duel;Victorious Kappir-Holmgang;Victorious Kappir-Holmgang;Siegreicher Kappir-Holmgang;;Victorious Kappir-Holmgang;;;;;;;;;x,,,,,,,,,,
robmodnorse_won_duel_desc;[GetTitledFirstName] was named the winner of a Duel of Champions, boosting [GetHerHis] respect within the Champions of Miðgarðr;[GetTitledFirstName] a été le gagnant d'un Duel de Champions, renforçant le respect de [GetHerHis] au sein des Champions d'Miðgarðr;[GetTitledFirstName] war der Gewinner eines Duell von Champions, der [GetHerHis] Respekt in den Champions von Miðgarðr verstärkte;;[GetTitledFirstName] fue el ganador de un duelo de campeones, impulsando [GetHerHis] respeto dentro de los campeones de Miðgarðr;;;;;;;;;x,,,,,,,,,,
robmodnorse_lost_duel;Lost at Kappir-Holmgang;Perdu à Kappir-Holmgang;Verloren bei Kappir-Holmgang;;Perdido en Kappir-Holmgang;;;;;;;;;x,,,,,,,,,,
robmodnorse_lost_duel_desc;[GetTitledFirstName] lost a Duel of Champions, and with it some respect within the Champions of Miðgarðr;[GetTitledFirstName] a perdu un Duel de Champions, et avec un certain respect au sein des Champions de Miðgarðr;[GetTitledFirstName] verlor ein Duell von Champions, und mit ihm etwas Respekt in den Champions von Miðgarðr;;[GetTitledFirstName] perdió un duelo de campeones, y con él un cierto respeto dentro de los campeones de Miðgarðr;;;;;;;;;x,,,,,,,,,,
robmodnorse_won_champion;Defeated the Kappi-Efstr;Défaite le Kappi-Efstr;Besiegt den Kappi-Efstr;;Derrotado el Kappi-Efstr;;;;;;;;;x,,,,,,,,,,
robmodnorse_won_champion_desc;[GetTitledFirstName] beat the Grand Champion of Miðgarðr in Kappir-Holmgang, winning the respect of all;[GetTitledFirstName] bat le Grand Champion de Miðgarðr à Kappir-Holmgang, en gagnant le respect de tous;[GetTitledFirstName] schlug den Grand Champion von Miðgarðr in Kappir-Holmgang und gewann den Respekt aller;;[GetTitledFirstName] venció al Gran Campeón de Miðgarðr en Kapoor-Holmgang, ganando el respeto de todos;;;;;;;;;x,,,,,,,,,,
robmodnorse_lost_champion;Failed Champion challenger;Challenger de champion échoué;Failed Champion Herausforderer;;Campeón fallido retador;;;;;;;;;x,,,,,,,,,,
robmodnorse_lost_champion_desc;[GetTitledFirstName] challenged the Grand Champion of Miðgarðr in Kappir-Holmgang, but lost. There is no shame in being defeated by the greatest warrior in the Norse world, but [GetSheHe] won't be able to try again for some time;[GetTitledFirstName] a contesté le Grand Champion de Miðgarðr à Kappir-Holmgang, mais a perdu. Il n'y a aucune honte d'être vaincu par le plus grand guerrier du monde nordique, mais [GetSheHe] ne pourra plus réessayer pendant un certain temps;[GetTitledFirstName] hat den Grand Champion von Miðgarðr in Kappir-Holmgang herausgefordert, aber verloren. Es gibt keine Schande, von dem größten Krieger in der nordischen Welt besiegt zu werden, aber [GetSheHe] wird nicht mehr einmal versuchen können;;[GetTitledFirstName] desafió al Gran Campeón de Miðgarðr en Kappir-Holmgang, pero perdió. No hay vergüenza en ser derrotado por el mayor guerrero del mundo nórdico, pero [GetSheHe] no podrá volver a intentarlo durante algún tiempo;;;;;;;;;x,,,,,,,,,,
robmodnorse_beyd_dog;Spirit of the hound;L'esprit du chasseur;Geist des Hundes;;Espíritu del perro;;;;;;;;;x,,,,,,,,,,
robmodnorse_beyd_dog_desc;[GetTitledFirstName] has a dog watching over [GetHerHim], helping [GetHerHim] negotiate large gatherings;[GetTitledFirstName] a un chien regardant [GetHerHim], aidant [GetHerHim] à négocier de grands rassemblements;[GetTitledFirstName] hat einen Hund, der über [GetHerHim] aufpasst und [GetHerHim] hilft, große Versammlungen zu verhandeln;;[GetTitledFirstName] tiene un perro vigilando [GetHerHim], ayudando a [GetHerHim] a negociar grandes reuniones;;;;;;;;;x,,,,,,,,,,
robmodnorse_beyd_wolf;Spirit of the wolf;Esprit du loup;Geist des Wolfs;;Espíritu del lobo;;;;;;;;;x,,,,,,,,,,
robmodnorse_beyd_wolf_desc;[GetTitledFirstName] has a wolf watching over [GetHerHim], granting [GetHerHim] power over others;[GetTitledFirstName] a un loup regardant [GetHerHim], accordant [GetHerHim] le pouvoir sur d'autres;[GetTitledFirstName] hat einen Wolf, der über [GetHerHim] aufhört und [GetHerHim] Macht über andere gibt;;[GetTitledFirstName] tiene un lobo vigilando [GetHerHim], otorgando [GetHerHim] poder sobre otros;;;;;;;;;x,,,,,,,,,,
robmodnorse_beyd_owl;Spirit of the owl;Esprit du hibou;Geist der Eule;;Espíritu de la lechuza;;;;;;;;;x,,,,,,,,,,
robmodnorse_beyd_owl_desc;[GetTitledFirstName] has an owl watching over [GetHerHim], encouraging wisdom and temperance;[GetTitledFirstName] a un hibou en regardant [GetHerHim], en encourageant la sagesse et la tempérance;[GetTitledFirstName] hat eine Eule, die über [GetHerHim] aufpasst und Weisheit und Mäßigkeit anregt;;[GetTitledFirstName] tiene un búho vigilando [GetHerHim], fomentando la sabiduría y la templanza;;;;;;;;;x,,,,,,,,,,
robmodnorse_beyd_cat;Spirit of the cat;Esprit du chat;Geist der Katze;;Espíritu del gato;;;;;;;;;x,,,,,,,,,,
robmodnorse_beyd_cat_desc;[GetTitledFirstName] has a feline companion watching over [GetHerHim], trying to keep [GetHerHim] out of trouble;[GetTitledFirstName] a un compagnon félin regardant [GetHerHim], en gardant [GetHerHim] hors des ennuis;[GetTitledFirstName] hat einen katzenartigen Begleiter, der über [GetHerHim] aufpasst und [GetHerHim] aus Ärger hält;;[GetTitledFirstName] tiene un compañero felino vigilando [GetHerHim], manteniendo [GetHerHim] fuera de problemas;;;;;;;;;x,,,,,,,,,,
robmodnorse_beyd_raven;Spirit of the raven;Esprit du corbeau;Geist des Raben;;Espíritu del cuervo;;;;;;;;;x,,,,,,,,,,
robmodnorse_beyd_raven_desc;[GetTitledFirstName] has a raven watching over [GetHerHim], a most pious spirit animal;[GetTitledFirstName] a un corbeau regardant [GetHerHim], un animal très pieux;[GetTitledFirstName] hat einen Raben, der über [GetHerHim], ein frommes Tier, aufpasst;;[GetTitledFirstName] tiene un cuervo vigilando [GetHerHim], un animal muy piadoso;;;;;;;;;x,,,,,,,,,,
robmod_norse_refused_beyd;Refused the Bjóða-Guða;Refusé Bjóða-Guða;Abgelehnt Bjóða-Guða;;Se negó Bjóða-Guða;;;;;;;;;x,,,,,,,,,,
robmod_norse_refused_beyd_desc;On [GetHerHis] Bjóða-Guða, [GetTitledFirstName] refused to make an offering of [GetHerHis] pet to the Gods. [GetSheHeCap] was confirmed in absentia, but lives shamed by this blasphemous act.;Sur [GetHerHis] neuvième jour de nom, [GetTitledFirstName] a refusé de faire une offre d'animal [GetHerHis] aux dieux. [GetSheHeCap] a été confirmé par contumace, mais des vies honteuses par cet acte impie.;Auf [GetHerHis] neunter Name Tag, [GetTitledFirstName] weigerte sich, ein Angebot von [GetHerHis] Haustier zu den Göttern zu machen. [GetSheHeCap] wurde in Abwesenheit bestätigt, aber lebt von diesem gottlosen Akt beschämt.;;En [GetHerHis] noveno día de nombre, [GetTitledFirstName] se negó a hacer una ofrenda de [GetHerHis] mascota a los Dioses. [GetSheHeCap] fue confirmado en ausencia, pero vive avergonzado por este acto impío.;;;;;;;;;x,,,,,,,,,,
robmod_norse_tyr_battle;Blessed by Týr;Béni par Týr;Gesegnet von Týr;;Bendecido por Týr;;;;;;;;;x,,,,,,,,,,
robmod_norse_tyr_battle_desc;The God Týr fought alongside [GetTitledFirstName] in battle, and now every faithful Beyðir believes [GetSheHe] is blessed by the God of war and personal combat;Le dieu Týr s'est battu à côté de [GetTitledFirstName] dans la bataille, et maintenant, chaque fidèle Beyðir croit [GetSheHe] est béni par le dieu de la guerre et le combat personnel;Der Gott Týr kämpfte neben [GetTitledFirstName] in der Schlacht, und jetzt jeder treue Beyðir glaubt, dass [GetSheHe] von dem Gott des Krieges und des persönlichen Kampfes gesegnet wird;;El Dios Týr luchó junto a [GetTitledFirstName] en la batalla, y ahora todos los fieles Beyðir cree [GetSheHe] es bendecido por el Dios de la guerra y el combate personal;;;;;;;;;x,,,,,,,,,,
robmod_norse_freyr_blessing;Blessed by Freyr;Béni par Freyr;Gesegnet von Freyr;;Bendecido por Freyr;;;;;;;;;x,,,,,,,,,,
robmod_norse_freyr_blessing_desc;The Goðis have confirmed what [GetTitledFirstName] knew all along: that he is better than other men in the bedroom.;Les Goðis ont confirmé ce que [GetTitledFirstName] savait tout au long: qu'il est meilleur que les autres hommes dans la chambre à coucher.;Die Goðis haben bestätigt, was [GetTitledFirstName] schon immer wusste: dass er besser ist als andere Männer im Schlafzimmer.;;Los Goðis han confirmado lo que [GetTitledFirstName] sabía todo el tiempo: que él es mejor que otros hombres en el dormitorio.;;;;;;;;;x,,,,,,,,,,
robmodnorse_gold_lady_army;Army on the search;Armée à la recherche;Armee auf der Suche;;Ejército en busca;;;;;;;;;x,,,,,,,,,,
robmodnorse_gold_lady_army_desc;[GetTitledFirstName] has diverted men from [GetHerHis] army to search for the source of the Golden-Lady's wealth;[GetTitledFirstName] a envoyé des hommes de l'armée [GetHerHis] pour rechercher la source de la richesse de la Dame d'or;[GetTitledFirstName] hat Männer von [GetHerHis] Armee gesandt, um nach der Quelle des Reichtums der Golden-Lady zu suchen;;[GetTitledFirstName] ha enviado hombres del ejército de [GetHerHis] para buscar la fuente de la riqueza de la Dama de Oro;;;;;;;;;x,,,,,,,,,,
robmodnorse_gold_lady_fleet;Merchant fleet on the search;Flotte marchande à la recherche;Händlerflotte auf der Suche;;Flota mercante en la búsqueda;;;;;;;;;x,,,,,,,,,,
robmodnorse_gold_lady_fleet_desc;[GetTitledFirstName] has diverted ships from [GetHerHis] merchant fleet to search for the source of the Golden-Lady's wealth;[GetTitledFirstName] a détourné des navires de la flotte marchande [GetHerHis] pour rechercher la source de la richesse de la Dame d'or;[GetTitledFirstName] hat Schiffe von [GetHerHis] Handelsflotte umgeleitet, um nach der Quelle des Reichtums der Golden-Lady zu suchen;;[GetTitledFirstName] ha desviado buques de la flota mercantil [GetHerHis] para buscar la fuente de la riqueza de la Dama de Oro;;;;;;;;;x,,,,,,,,,,
robmodnorse_gold_lady_seer;Goðis on the search;Goðis à la recherche;Goðis auf der Suche;;Goðis en busca;;;;;;;;;x,,,,,,,,,,
robmodnorse_gold_lady_seer_desc;[GetTitledFirstName] has tasked the finest religious minds in the realm to search for the source of the Golden-Lady's wealth;[GetTitledFirstName] a chargé les meilleurs esprits religieux dans le domaine de rechercher la source de la richesse de la Dame d'or;[GetTitledFirstName] hat die feinsten religiösen Köpfe im Reich beauftragt, nach der Quelle des Reichtums der Golden-Lady zu suchen;;[GetTitledFirstName] ha encargado a las mejores mentes religiosas del reino para buscar la fuente de la riqueza de la Dama de Oro;;;;;;;;;x,,,,,,,,,,
robmodnorse_odin_livestock;Offering of goats;Offre de chèvres;Angebot von Ziegen;;Ofrenda de cabras;;;;;;;;;x,,,,,,,,,,
robmodnorse_odin_livestock_desc;[GetTitledFirstName] offered a hundred goats to Oðinn - a valuable commodity which leaves [GetHerHis] demesne poorer;[GetTitledFirstName] a offert une centaine de chèvres à Oðinn - une marchandise précieuse qui laisse les domaines [GetHerHis] plus pauvres;[GetTitledFirstName] bot hundert Ziegen nach Oðinn - ein wertvolles Gut, das [GetHerHis] ärgt, ärmer;;[GetTitledFirstName] ofreció un centenar de cabras a Oðinn - una mercancía valiosa que deja las propiedades de [GetHerHis] más pobres;;;;;;;;;x,,,,,,,,,,
robmodnorse_odin_thralls;Thralls sacrificed;Espèces sacrifiées;Throws geopfert;;Sacrificios sacrificados;;;;;;;;;x,,,,,,,,,,
robmodnorse_odin_thralls_desc;The ruler of this province sacrificed some slaves to the Gods, angering the locals;Le souverain de cette province a sacrifié des esclaves aux dieux, en colère contre les habitants;Der Herrscher dieser Provinz opferte den Göttern einige Sklaven und verärgerte die Einheimischen;;El gobernante de esta provincia sacrificó algunos esclavos a los dioses, enojando a los lugareños;;;;;;;;;x,,,,,,,,,,
robmodnorse_odin_blessing;Blessing of Oðinn;Bénédiction d'Oðinn;Segen von Oðinn;;Bendición de Oðinn;;;;;;;;;x,,,,,,,,,,
robmodnorse_odin_blessing_desc;[GetTitledFirstName] has been blessed with wisdom by Odin, but was it truly worth the sacrifice? Perhaps more will be granted by the Allfather in time...;[GetTitledFirstName] a été béni de sagesse par Odin, mais valait-il vraiment le sacrifice? Peut-être plus sera accordé par l'Allfather à temps ...;[GetTitledFirstName] wurde von Odin mit Weisheit gesegnet, aber war es wirklich das Opfer wert? Vielleicht wird noch mehr vom Allfather ...;;[GetTitledFirstName] ha sido bendecido con sabiduría por Odín, pero ¿valió realmente el sacrificio? Tal vez más será concedido por el Allfather en el tiempo ...;;;;;;;;;x,,,,,,,,,,
robmodnorse_odin_curse;Refused Oðinn's challenge;Refusé le défi d'Oðinn;Verweigerte die Herausforderung von Oðinn;;Se negó el desafío de Oðinn;;;;;;;;;x,,,,,,,,,,
robmodnorse_odin_curse_desc;[GetTitledFirstName] declined to give his eye to Odin in exchange for wisdom.;[GetTitledFirstName] a refusé de donner son regard à Odin en échange de la sagesse.;[GetTitledFirstName] weigerte sich, Odin im Austausch gegen Weisheit zu sehen.;;[GetTitledFirstName] se negó a dar su ojo a Odin a cambio de sabiduría.;;;;;;;;;x,,,,,,,,,,
robmodnorse_poet_wander;Wandering skáld;Skáld errant;Wandernde skáld;;Skáld errante;;;;;;;;;x,,,,,,,,,,
robmodnorse_poet_wander_desc;A famous poet wanders from town to town in this province;Un poète célèbre erre de ville en ville dans cette province;Ein berühmter Dichter wandert von Stadt zu Stadt in dieser Provinz;;Un poeta famoso vagabundea de ciudad en ciudad en esta provincia;;;;;;;;;x,,,,,,,,,,
robmodnorse_poet_gen;Glorious poem;Poème glorieuse;Glorreiches Gedicht;;Glorioso poema;;;;;;;;;x,,,,,,,,,,
robmodnorse_poet_gen_desc;A poem celebrating [GetFirstName]'s rule is being recited throughout the realm;Un poème célébrant la règle de [GetFirstName] est récité dans tout le domaine;Ein Gedicht, das [GetFirstName] 's Regel feiert, wird im ganzen Reich rezitiert;;Un poema que celebra la regla de [GetFirstName] está siendo recitado en todo el reino;;;;;;;;;x,,,,,,,,,,
robmodnorse_poet_diplo;Glorious poem;Poème glorieuse;Glorreiches Gedicht;;Glorioso poema;;;;;;;;;x,,,,,,,,,,
robmodnorse_poet_diplo_desc;A poem celebrating [GetFirstName]'s statesmanship is being recited throughout the realm;Un poème célébrant la règle de [GetFirstName] est récité dans tout le domaine;Ein Gedicht, das [GetFirstName] 's Regel feiert, wird im ganzen Reich rezitiert;;Un poema que celebra la regla de [GetFirstName] está siendo recitado en todo el reino;;;;;;;;;x,,,,,,,,,,
robmodnorse_poet_martial;Glorious poem;Poème glorieuse;Glorreiches Gedicht;;Glorioso poema;;;;;;;;;x,,,,,,,,,,
robmodnorse_poet_martial_desc;A poem celebrating [GetFirstName]'s great victories is being recited throughout the realm;Un poème célébrant la règle de [GetFirstName] est récité dans tout le domaine;Ein Gedicht, das [GetFirstName] 's Regel feiert, wird im ganzen Reich rezitiert;;Un poema que celebra la regla de [GetFirstName] está siendo recitado en todo el reino;;;;;;;;;x,,,,,,,,,,
robmodnorse_poet_stew;Glorious poem;Poème glorieuse;Glorreiches Gedicht;;Glorioso poema;;;;;;;;;x,,,,,,,,,,
robmodnorse_poet_stew_desc;A poem celebrating [GetFirstName]'s benificent rule is being recited throughout the realm;Un poème célébrant la règle de [GetFirstName] est récité dans tout le domaine;Ein Gedicht, das [GetFirstName] 's Regel feiert, wird im ganzen Reich rezitiert;;Un poema que celebra la regla de [GetFirstName] está siendo recitado en todo el reino;;;;;;;;;x,,,,,,,,,,
robmodnorse_poet_int;Glorious poem;Poème glorieuse;Glorreiches Gedicht;;Glorioso poema;;;;;;;;;x,,,,,,,,,,
robmodnorse_poet_int_desc;A poem celebrating [GetFirstName]'s mastery of court politics is being recited throughout the realm;Un poème célébrant la règle de [GetFirstName] est récité dans tout le domaine;Ein Gedicht, das [GetFirstName] 's Regel feiert, wird im ganzen Reich rezitiert;;Un poema que celebra la regla de [GetFirstName] está siendo recitado en todo el reino;;;;;;;;;x,,,,,,,,,,
robmodnorse_poet_learn;Glorious poem;Poème glorieuse;Glorreiches Gedicht;;Glorioso poema;;;;;;;;;x,,,,,,,,,,
robmodnorse_poet_learn_desc;A poem celebrating [GetFirstName]'s wisdom is being recited throughout the realm;Un poème célébrant la règle de [GetFirstName] est récité dans tout le domaine;Ein Gedicht, das [GetFirstName] 's Regel feiert, wird im ganzen Reich rezitiert;;Un poema que celebra la regla de [GetFirstName] está siendo recitado en todo el reino;;;;;;;;;x,,,,,,,,,,
robmodnorse_poet_complete;Poetic mead;Hydromel poétique;Poetisches mead;;Aguamiel poético;;;;;;;;;x,,,,,,,,,,
robmodnorse_poet_complete_desc;A single mouthful of this strange brew blesses the drinker with fair speech and a poetic spirit;Une seule bouchée de cette bouffe étrange bénit le buveur avec un discours juste et un esprit poétique;Ein einziger Schluck dieses seltsamen Gebräu segnet den Trinker mit fairer Rede und einem poetischen Geist;;Un solo bocado de esta cerveza extraña bendice al bebedor con un discurso justo y una mente poética;;;;;;;;;x,,,,,,,,,,
robmodnorse_mjo1_des;Desecrated Vígríðr;Vecculté désévalué;Abgetrennt Vígríðr;;Desecrated Vígríðr;;;;;;;;;x,,,,,,,,,,
robmodnorse_mjo1_des_desc;[GetTitledFirstName] ordered the army to strip an ancient battlesite which was rumoured to be Vígríðr, the battle-plane of the Gods;[GetTitledFirstName] a ordonné à l'armée de dépouiller un ancien site de combat qui était censé être Vígríðr, le plan de bataille des dieux;[GetTitledFirstName] befahl der Armee, eine alte Schlachtstätte zu streifen, die gemunkelt wurde, um Vígríðr, die Schlacht-Ebene der Götter zu sein;;[GetTitledFirstName] ordenó al ejército despojar a un antiguo sitio de batalla que se rumoreaba que era Vígríðr, el plano de batalla de los Dioses;;;;;;;;;x,,,,,,,,,,
robmodnorse_champion_inspired_troops;Armies inspired;Armées inspirées;Armeen inspiriert;;Ejércitos inspirados;;;;;;;;;x,,,,,,,,,,
robmodnorse_champion_inspired_troops_desc;A famous Champion of Miðgarðr delivered a speech to [GetTitledFirstName]'s armies;Un célèbre champion de Miðgarðr a prononcé un discours sur les armées de [GetTitledFirstName];Ein berühmter Champion von Miðgarðr hat eine Rede an die Armee von GetTitledFirstName abgegeben;;Un famoso Campeón de Miðgarðr pronunció un discurso ante los ejércitos de [GetTitledFirstName];;;;;;;;;x,,,,,,,,,,
robmodnorse_champion_raised_army;Raised a Champion's Army;Élevé une armée d'un champion;Erhebt eine Champion-Armee;;Criado el ejército de un campeón;;;;;;;;;x,,,,,,,,,,
robmodnorse_champion_raised_army_desc;[GetTitledFirstName] raised an army of loyal followers desperate to win glory at [GetHerHis] side. [GetSheHeCap] will be unable to do so again until this has expired;[GetTitledFirstName] a soulevé une armée de fidèles partisans désespérés pour gagner la gloire au côté de [GetHerHis]. [GetSheHeCap] ne pourra plus le faire jusqu'à ce que cela ait expiré;[GetTitledFirstName] hob eine Armee treuer Anhänger, die verzweifelt war, um Ruhm auf [GetHerHis] Seite zu gewinnen. [GetSheHeCap] wird es nicht mehr tun können, bis das abgelaufen ist;;[GetTitledFirstName] planteó un ejército de seguidores leales desesperados por ganar gloria en el lado de [GetHerHis]. [GetSheHeCap] no podrá volver a hacerlo hasta que haya expirado;;;;;;;;;x,,,,,,,,,,
robmodnorse_champion_tournament;Hosted a Champion's Tournament;A accueilli un tournoi de champion;Hosted ein Champion-Turnier;;Ha organizado un Torneo de Campeones;;;;;;;;;x,,,,,,,,,,
robmodnorse_champion_tournament_desc;As Kappi-Efstr af Miðgarðr, [GetTitledFirstName] held a Champion's Tournament, and everyone had a great time watching the finest warriors in the Norse world do battle;Comme Kappi-Efstr af Miðgarðr, [GetTitledFirstName] a tenu un Tournoi de Champion, et tout le monde a passé un bon moment à regarder les meilleurs guerriers nordiques du monde battre;Als Kappi-Efstr af Miðgarðr, [GetTitledFirstName] hielt ein Champion-Turnier, und jeder hatte eine tolle Zeit, die besten nordischen Krieger in der Welt zu sehen, kämpfen;;Como Kappi-Efstr af Miðgarðr, [GetTitledFirstName] celebró un torneo de campeón, y todo el mundo pasó un buen rato viendo los mejores guerreros nórdicos en el mundo de la batalla;;;;;;;;;x,,,,,,,,,,
robmodnorse_tournament_won;Won a Champion's Tournament;Gagne un tournoi de champions;Gewann ein Champions-Turnier;;Ganó un torneo de Campeones;;;;;;;;;x,,,,,,,,,,
robmodnorse_tournament_won_desc;[GetTitledFirstName] was the victorious Kappi at a Champion's Tournament, and won the right to fight the Kappi-Efstr. Whether or not [GetSheHe] went on to win against the Grand Champion, this feat brings [GetHerHim] great acclaim;[GetTitledFirstName] a été le Kappi victorieux lors d'un Tournoi de Champion et a remporté le droit de combattre le Kappi-Efstr. Que [GetSheHe] ait réussi à gagner contre le Grand Champion, cet exploit apporte [GetHerHim] une grande acclamation;[GetTitledFirstName] war der siegreiche Kappi bei einem Champion-Turnier und gewann das Recht, den Kappi-Efstr zu bekämpfen. Ob oder nicht [GetSheHe] ging gegen den Grand Champion zu gewinnen, diese Leistung bringt [GetHerHim] große Beifall;;[GetTitledFirstName] fue el victorioso Kappi en un Torneo de Campeones, y ganó el derecho a luchar contra el Kappi-Efstr. Ya sea que [GetSheHe] fue a ganar contra el Gran Campeón, esta hazaña trae [GetHerHim] gran aclamación;;;;;;;;;x,,,,,,,,,,
robmodnorse_tournament_participating;Participating in a Champion's Tournament;Participer à un tournoi de champions;Teilnahme an einem Champions-Turnier;;Participar en un Torneo de Campeones;;;;;;;;;x,,,,,,,,,,
robmodnorse_tournament_participating_desc;[GetTitledFirstName] is currently taking part in a Champions Tournament, and all [GetHerHis] efforts are directed towards the games.;[GetTitledFirstName] participe actuellement à un tournoi de champions et tous les efforts de [GetHerHis] sont dirigés vers les jeux.;[GetTitledFirstName] nimmt zurzeit an einem Champions Turnier teil, und alle [GetHerHis] Bemühungen sind auf die Spiele gerichtet.;;[GetTitledFirstName] participa actualmente en un Torneo de Campeones, y todos los esfuerzos de [GetHerHis] están dirigidos hacia los juegos.;;;;;;;;;x,,,,,,,,,,
robmodnorse_preferred_heir;Kauderfingi;Kauderfingi;Kauderfingi;;Kauderfingi;;;;;;;;;x,,,,,,,,,,
robmodnorse_preferred_heir_desc;[GetTitledFirstName] Has been nominated by [GetHerHis] liege as their preferred heir.;[GetTitledFirstName] A été nommé par [GetHerHis] liege comme son héritier privilégié.;[GetTitledFirstName] wurde von [GetHerHis] liege als ihr bevorzugter Erbe nominiert.;;[GetTitledFirstName] Ha sido nominado por [GetHerHis] liege como su heredero preferido.;;;;;;;;;x,,,,,,,,,,
# RELIGION #,,,,,,,,,,
robmod_norse_monks_activated;Established the Beyð monasteries;Créé les monastères de Beyð;Gegründet die Beyð Klöster;;Establecimiento de los monasterios de Beyð;;;;;;;;;x,,,,,,,,,,
robmodnorse_godslaws;Guðalog (Godslaws) decreed;Guðalog (loi des dieux) a décrété;Guðalog (Göttergesetze) verordnet;;Guðalog (las leyes de Dios) decretó;;;;;;;;;x,,,,,,,,,,
;;;;;;;;;;;;;;x,,,,,,,,,,
;;;;;;;;;;;;;;x,,,,,,,,,,
;;;;;;;;;;;;;;x,,,,,,,,,,
;;;;;;;;;;;;;;x,,,,,,,,,,
;;;;;;;;;;;;;;x,,,,,,,,,,
